일련번호,관할구청,관할경찰,시설유형,시설명,소재지도로명주소,소재지지번주소,법정동,행정동,고시 구간,연장(m),지정속도,고시일,고시번호,위도,경도,차로수,차로운영,보도 설치현황,보도연장_A측변(m),보도연장_B측변(m),보행자 방호울타리_A측변(m),보행자 방호울타리_B측변(m),무단횡단 방지시설(m),횡단보도 유형,보행신호 운영 ,신호 및 과속단속 CCTV(개),노상주차장(면),주정차단속 CCTV(개),과속방지턱(개),미끄럼 방지포장_A방향(개),미끄럼 방지포장_B방향(개),미끄럼 방지포장_합계(개),시점부 보호구역 통합표지_A방향(개),시점부 보호구역 통합표지_B방향(개),시점부 보호구역 통합표지_합계(개),중간부 보호구역 통합표지_A방향(개),중간부 보호구역 통합표지_B방향(개),중간부 보호구역 통합표지_합계(개),종점부 보호구역 통합표지_A방향(개),종점부 보호구역 통합표지_B방향(개),종점부 보호구역 통합표지_합계(개),어린이 보호주의 표지판_A방향(개),어린이 보호주의 표지판_B방향(개),어린이 보호주의 표지판_합계(개),어린이 보호지시 표지판_A방향(개),어린이 보호지시 표지판_B방향(개),어린이 보호지시 표지판_합계(개),제한속도 표지판_A방향(개),제한속도 표지판_B방향(개),제한속도 표지판_합계(개),주정차 금지 표지판_A방향(개),주정차 금지 표지판_B방향(개),주정차 금지 표지판_합계(개),어린이 보호구역 노면표시_A방향(개),어린이 보호구역 노면표시_B방향(개),어린이 보호구역 노면표시_합계(개),제한속도 노면표시_A방향(개),제한속도 노면표시_B방향(개),제한속도 노면표시_합계(개),데이터 기준일자
초1-1,권선구,서부,초등학교,가온초교,경기도 수원시 권선구 금곡로73번길 36,경기도 수원시 권선구 금곡동 1079번지,금곡동,금곡동,1구간,475,30km,2014-12-31,제2014-342호,37.274618,126.936837,2~5차로,양방,양측,393,342,182,192,0,일반형+고원형,운영+미운영,0,0,0,6,1,1,2,1,1,2,2,1,3,0,1,1,0,0,0,0,0,0,0,2,2,3,0,3,3,7,10,4,7,11,2021-11-30
초1-2,권선구,서부,초등학교,가온초교,경기도 수원시 권선구 금곡로73번길 36,경기도 수원시 권선구 금곡동 1079번지,금곡동,금곡동,2구간,240,30km,2014-12-31,제2014-342호,37.276193,126.936284,2~3차로,양방,양측,220,240,177,0,0,일반형,운영+미운영,0,0,0,2,1,1,2,0,1,1,1,1,2,1,0,1,0,0,0,1,1,2,1,2,3,4,2,6,3,4,7,3,4,7,2021-11-30
초1-3,권선구,서부,초등학교,가온초교,경기도 수원시 권선구 금곡로73번길 36,경기도 수원시 권선구 금곡동 1079번지,금곡동,금곡동,3구간,90,30km,2014-12-31,제2014-342호,37.272831,126.937861,4~5차로,양방,양측,78,90,0,14,64,일반형,운영+미운영,0,0,0,1,0,0,0,0,1,1,0,1,1,1,0,1,0,0,0,0,0,0,1,0,1,2,0,2,0,1,1,0,1,1,2021-11-30
초2-1,권선구,서부,초등학교,고색초교,경기도 수원시 권선구 매송고색로 681,경기도 수원시 권선구 고색동 887-59번지,고색동,평동,1구간,200,30km,2011-12-29,제2011-260호,37.251075,126.977808,2차로,양방,양측,160,141,138,42,0,일반형,운영+미운영,0,0,0,3,2,1,3,1,1,2,2,1,3,1,1,2,0,0,0,0,0,0,0,0,0,3,0,3,2,2,4,2,2,4,2021-11-30
초2-2,권선구,서부,초등학교,고색초교,경기도 수원시 권선구 매송고색로 681,경기도 수원시 권선구 고색동 887-59번지,고색동,평동,2구간,357,50km,2011-12-29,제2011-260호,37.250322,126.978992,7~8차로,양방,양측,309,337,227,52,206,일반형,운영+미운영,1,0,1,2,1,1,2,1,1,2,1,1,2,1,1,2,0,0,0,1,1,2,4,4,8,4,0,4,1,3,4,2,3,5,2021-11-30
초3-1,권선구,서부,초등학교,고현초교,경기도 수원시 권선구 고현로 12,경기도 수원시 권선구 고색동 280번지,고색동,평동,1구간,280,30km,2011-12-29,제2011-260호,37.249457,126.987351,2차로,양방,양측,191,192,185,100,0,고원형,운영+미운영,0,0,0,6,3,3,6,1,1,2,2,1,3,1,1,2,0,0,0,1,1,2,0,1,1,1,1,2,2,3,5,2,2,4,2021-11-30
초4-1,권선구,남부,초등학교,곡반초교,경기도 수원시 권선구 덕영대로1323번길 26-14,경기도 수원시 권선구 권선동 1322번지,권선동,곡선동,1구간,170,30km,2009-12-17,,37.247278,127.036366,2차로,양방,양측,140,140,74,78,0,일반형,운영+미운영,0,0,0,5,3,3,6,1,1,2,1,0,1,1,1,2,0,0,0,1,1,2,2,2,4,1,2,3,1,1,2,1,1,2,2021-11-30
초4-2,권선구,남부,초등학교,곡반초교,경기도 수원시 권선구 덕영대로1323번길 26-14,경기도 수원시 권선구 권선동 1322번지,권선동,곡선동,2구간,195,30km,2011-12-29,제2011-260호,37.247428,127.035771,4차로,양방,양측,195,195,22,0,0,일반형,운영,1,0,1,1,3,2,5,1,1,2,1,1,2,1,1,2,0,0,0,0,0,0,0,1,1,2,3,5,1,1,2,1,1,2,2021-11-30
초4-3,권선구,남부,초등학교,곡반초교,경기도 수원시 권선구 덕영대로1323번길 26-14,경기도 수원시 권선구 권선동 1322번지,권선동,곡선동,3구간,68,30km,2015-12-31,제2015-368호,37.246485,127.040805,1차로,양방,양측,68,68,0,0,0,고원형,미운영,0,0,0,1,1,1,2,1,1,2,0,0,0,1,1,2,0,0,0,0,0,0,0,0,0,1,0,1,1,1,2,1,0,1,2021-11-30
초4-4,권선구,남부,초등학교,곡반초교,경기도 수원시 권선구 덕영대로1323번길 26-14,경기도 수원시 권선구 권선동 1322번지,권선동,곡선동,4구간,68,30km,2015-12-31,제2015-368호,37.246485,127.041228,2차로,양방,양측,68,68,0,0,0,일반형,미운영,0,0,0,2,1,1,2,1,1,2,1,1,2,1,1,2,0,0,0,0,0,0,0,0,0,1,0,1,1,1,2,1,1,2,2021-11-30
초4-5,권선구,남부,초등학교,곡반초교,경기도 수원시 권선구 덕영대로1323번길 26-14,경기도 수원시 권선구 권선동 1322번지,권선동,곡선동,5구간,68,30km,2015-12-31,제2015-368호,37.246417,127.041541,1차로,양방,양측,68,68,0,0,0,고원형,미운영,0,0,0,0,1,1,2,0,2,2,0,0,0,0,2,2,0,0,0,0,0,0,0,0,0,0,1,1,1,1,2,1,1,2,2021-11-30
초4-6,권선구,남부,초등학교,곡반초교,경기도 수원시 권선구 덕영대로1323번길 26-14,경기도 수원시 권선구 권선동 1322번지,권선동,곡선동,6구간,69,30km,2015-12-31,제2015-368호,37.246311,127.042085,1차로,양방,양측,68,68,0,0,0,고원형,미운영,0,0,0,0,1,2,3,2,0,2,0,0,0,2,0,2,0,0,0,0,0,0,0,0,0,3,0,3,1,1,2,1,1,2,2021-11-30
초4-7,권선구,남부,초등학교,곡반초교,경기도 수원시 권선구 덕영대로1323번길 26-14,경기도 수원시 권선구 권선동 1322번지,권선동,곡선동,7구간,148,30km,2015-12-31,제2015-368호,37.246511,127.042539,2차로,양방,양측,97,97,0,0,0,일반형+고원형,운영+미운영,0,0,0,0,1,2,3,2,0,2,0,0,0,2,0,2,0,0,0,0,0,0,0,0,0,2,0,2,1,2,3,2,3,5,2021-11-30
초4-8,권선구,남부,초등학교,곡반초교,경기도 수원시 권선구 덕영대로1323번길 26-14,경기도 수원시 권선구 권선동 1322번지,권선동,곡선동,8구간,115,30km,2015-12-31,제2015-368호,37.246737,127.044181,3차로,양방,양측,115,111,0,0,0,일반형,운영,0,0,0,2,1,1,2,1,1,2,0,0,0,1,1,2,0,0,0,0,0,0,0,0,0,0,1,1,2,2,4,1,1,2,2021-11-30
초4-9,권선구,남부,초등학교,곡반초교,경기도 수원시 권선구 덕영대로1323번길 26-14,경기도 수원시 권선구 권선동 1322번지,권선동,곡선동,9구간,84,30km,2015-12-31,제2015-368호,37.246671,127.044703,2~3차로,양방,양측,84,84,0,0,0,일반형,운영,0,0,0,2,1,1,2,1,1,2,0,0,0,1,1,2,0,0,0,0,0,0,0,0,0,1,1,2,1,1,2,1,1,2,2021-11-30
초4-10,권선구,남부,초등학교,곡반초교,경기도 수원시 권선구 덕영대로1323번길 26-14,경기도 수원시 권선구 권선동 1322번지,권선동,곡선동,10구간,238,30km,2015-12-31,제2015-368호,37.246864,127.043088,2~3차로,양방,양측,221,221,0,0,0,일반형,운영+미운영,0,0,0,1,3,2,5,1,0,1,1,1,2,1,0,1,0,0,0,0,0,0,0,0,0,2,3,5,4,3,7,3,2,5,2021-11-30
초4-11,권선구,남부,초등학교,곡반초교,경기도 수원시 권선구 덕영대로1323번길 26-14,경기도 수원시 권선구 권선동 1322번지,권선동,곡선동,11구간,142,30km,2019-12-20,제2019-423호,37.246964,127.038688,6차로,양방,양측,135,135,0,0,0,일반형,운영,1,0,0,0,1,1,2,1,1,2,0,0,0,1,1,2,0,0,0,0,0,0,1,2,3,0,0,0,1,1,2,1,2,3,2021-11-30
초5-1,권선구,남부,초등학교,곡선초교,경기도 수원시 권선구 덕영대로1217번길 36,경기도 수원시 권선구 권선동 1199번지,권선동,권선2동,1구간,373,30km,2016-12-05,제2016-356호,37.251076,127.025149,2차로,양방,양측,373,373,102,106,0,일반형,운영+미운영,0,0,0,7,1,1,2,0,1,1,1,0,1,2,0,2,1,0,1,0,0,0,3,0,3,1,1,2,2,3,5,2,3,5,2021-11-30
초5-2,권선구,남부,초등학교,곡선초교,경기도 수원시 권선구 덕영대로1217번길 36,경기도 수원시 권선구 권선동 1199번지,권선동,권선2동,2구간,268,30km,2016-12-05,제2016-356호,37.249945,127.024308,2차로,양방,양측,268,268,63,0,0,일반형+고원형,미운영,0,0,1,1,2,2,4,1,0,1,0,1,1,0,0,0,0,0,0,0,0,0,0,0,0,2,3,5,3,2,5,3,2,5,2021-11-30
초6-1,권선구,남부,초등학교,곡정초교,경기도 수원시 권선구 곡선로 7,경기도 수원시 권선구 권선동 1358번지,권선동,권선2동,1구간,578,30km,2011-11-15,제2011-206호,37.239992,127.026451,4~5차로,양방,양측,504,504,190,288,169,일반형,운영,0,0,0,2,1,1,2,1,1,2,0,0,0,2,1,3,0,0,0,0,0,0,3,5,8,4,4,8,2,2,4,1,1,2,2021-11-30
초6-2,권선구,남부,초등학교,곡정초교,경기도 수원시 권선구 곡선로 7,경기도 수원시 권선구 권선동 1358번지,권선동,권선2동,2구간,278,30km,2011-11-15,제2011-206호,37.241381,127.024919,6차로,양방,양측,237,241,152,142,0,일반형,운영+미운영,1,0,0,2,1,1,2,1,0,1,0,0,0,1,0,1,1,1,2,0,0,0,4,3,7,1,4,5,1,1,2,1,1,2,2021-11-30
초7-1,권선구,서부,초등학교,구운초교,경기도 수원시 권선구 여기산로 29,경기도 수원시 권선구 구운동 465번지,구운동,구운동,1구간,350,30km,2011-12-29,제2011-260호,37.280418,126.978605,2차로,양방,양측,286,289,140,202,0,일반형,운영+미운영,1,0,0,5,5,5,10,1,1,2,3,2,5,1,1,2,0,0,0,2,2,4,2,2,4,5,4,9,4,4,8,7,4,11,2021-11-30
초8-1,권선구,남부,초등학교,권선초교,경기도 수원시 권선구 세지로126번길 27,경기도 수원시 권선구 권선동 948번지,권선동,권선1동,1구간,230,30km,2011-12-29,제2011-260호,37.263644,127.021898,1차로,양방,편측,148,0,90,0,0,일반형+고원형,미운영,0,9,0,5,2,0,2,1,1,2,1,0,1,1,1,2,0,0,0,0,1,1,0,0,0,1,0,1,2,1,3,3,1,4,2021-11-30
초8-2,권선구,남부,초등학교,권선초교,경기도 수원시 권선구 세지로126번길 27,경기도 수원시 권선구 권선동 948번지,권선동,권선1동,2구간,254,30km,2011-12-29,제2011-260호,37.262444,127.021388,2차로,양방,편측,149,0,102,0,0,고원형,미운영,0,4,1,5,2,2,4,1,1,2,1,0,1,1,0,1,0,0,0,1,0,1,1,0,1,4,0,4,3,2,5,3,3,6,2021-11-30
초8-3,권선구,남부,초등학교,권선초교,경기도 수원시 권선구 세지로126번길 27,경기도 수원시 권선구 권선동 948번지,권선동,권선1동,3구간,133,30km,2011-12-29,제2011-260호,37.262807,127.022203,2차로,양방,편측,133,0,125,0,0,고원형,미운영,0,0,0,0,0,0,0,1,1,2,1,0,1,1,0,1,1,0,1,1,0,1,1,0,1,2,0,2,3,2,5,4,1,5,2021-11-30
초8-4,권선구,남부,초등학교,권선초교,경기도 수원시 권선구 세지로126번길 27,경기도 수원시 권선구 권선동 948번지,권선동,권선1동,4구간,135,30km,2011-12-29,제2011-260호,37.263201,127.021028,1차로,일방,없음,0,0,0,0,0,없음,미운영,0,17,0,2,0,0,0,0,0,0,0,0,0,0,0,0,0,0,0,1,0,1,0,0,0,0,0,0,0,1,1,0,1,1,2021-11-30
초9-1,권선구,서부,초등학교,금곡초교,경기도 수원시 권선구 서수원로617,,금곡동,금곡동,1구간,260,30km,2016-12-05,제2016-356호,37.279489,126.952784,1차로,양방,양측,241,233,0,195,0,고원형,미운영,0,0,0,4,1,0,1,0,0,0,3,2,5,0,2,2,1,0,1,0,0,0,0,1,1,2,2,4,1,1,2,0,0,0,2021-11-30
초10-1,권선구,서부,초등학교,금호초교,경기도 수원시 권선구 칠보로 142,경기도 수원시 권선구 호매실동 1364번지,호매실동,호매실동,1구간,795,50km,2019-12-20,제2019-423호,37.265846,126.955756,6~8차로,양방,양측,400,400,325,75,60,일반형,운영+미운영,2,0,1,0,1,2,3,0,1,1,3,3,6,0,1,1,0,0,0,6,1,7,3,4,7,5,3,8,4,4,8,4,5,9,2021-11-30
초10-2,권선구,서부,초등학교,금호초교,경기도 수원시 권선구 칠보로 142,경기도 수원시 권선구 호매실동 1364번지,호매실동,호매실동,2구간,305,30km,2014-12-31,제2014-342호,37.265351,126.954461,2~3차로,양방,양측,275,265,180,0,0,일반형+고원형,운영+미운영,0,0,0,3,1,1,2,0,0,0,4,2,6,0,0,0,0,0,0,0,0,0,0,0,0,2,0,2,6,6,12,6,6,12,2021-11-30
초10-3,권선구,서부,초등학교,금호초교,경기도 수원시 권선구 칠보로 142,경기도 수원시 권선구 호매실동 1364번지,호매실동,호매실동,3구간,35,30km,2014-12-31,제2014-342호,37.265562,126.954465,3차로,양방,양측,35,35,0,0,0,일반형,운영,0,0,0,0,1,1,2,0,0,0,0,0,0,0,0,0,0,0,0,1,1,2,0,0,0,0,0,0,0,0,0,0,0,0,2021-11-30
초11-1,권선구,남부,초등학교,남수원초교,경기도 수원시 권선구 경수대로235번길 24,경기도 수원시 권선구 세류동 1130번지,세류동,세류2동,1구간,19,30km,2011-12-29,제2011-260호,37.250245,127.016618,1차로,양방,양측,6,10,0,0,0,일반형,미운영,0,0,0,0,1,0,1,1,0,1,0,0,0,1,0,1,0,0,0,0,0,0,0,0,0,1,0,1,0,1,1,0,1,1,2021-11-30
초11-2,권선구,남부,초등학교,남수원초교,경기도 수원시 권선구 경수대로235번길 24,경기도 수원시 권선구 세류동 1130번지,세류동,세류2동,2구간,174,30km,2013-01-17,제2013-20호,37.248664,127.016819,1차로,양방,양측,165,49,145,0,0,일반형,미운영,0,0,1,4,1,0,1,2,0,2,0,0,0,2,1,3,0,0,0,0,0,0,0,0,0,4,0,4,3,2,5,3,2,5,2021-11-30
초11-3,권선구,남부,초등학교,남수원초교,경기도 수원시 권선구 경수대로235번길 24,경기도 수원시 권선구 세류동 1130번지,세류동,세류2동,3구간,200,30km,,,37.249927,127.016282,1차로,양방,편측,171,0,130,0,0,일반형,미운영,0,0,0,4,2,0,2,1,1,2,1,0,1,1,0,1,0,0,0,1,0,1,0,0,0,2,1,3,2,2,4,2,2,4,2021-11-30
초12-1,권선구,서부,초등학교,능실초교,경기도 수원시 권선구 호매실로165번길 28,경기도 수원시 권선구 호매실동 1391번지,호매실동,호매실동,1구간,669,30km,2015-12-31,제2015-368호,37.258703,126.958095,3~7차로,양방,양측,570,590,330,310,0,일반형+고원형,운영+미운영,0,0,0,3,3,2,5,1,1,2,5,6,11,0,1,1,0,0,0,4,2,6,3,3,6,3,3,6,4,3,7,1,1,2,2021-11-30
초12-2,권선구,서부,초등학교,능실초교,경기도 수원시 권선구 호매실로165번길 28,경기도 수원시 권선구 호매실동 1391번지,호매실동,호매실동,2구간,360,30km,2015-12-31,제2015-368호,37.259542,126.957097,5~7차로,양방,양측,330,330,200,170,0,일반형,운영,1,0,0,0,1,2,3,1,1,2,2,2,4,1,2,3,0,0,0,2,2,4,2,2,4,0,0,0,3,3,6,2,2,4,2021-11-30
초12-3,권선구,서부,초등학교,능실초교,경기도 수원시 권선구 호매실로165번길 28,경기도 수원시 권선구 호매실동 1391번지,호매실동,호매실동,3구간,152,30km,2013-01-17,제2013-20호,37.259452,126.955405,2차로,양방,양측,152,142,100,110,0,일반형+고원형,운영+미운영,0,0,1,1,1,1,2,0,0,0,0,2,2,0,0,0,0,0,0,2,2,4,0,1,1,2,2,4,1,1,2,1,1,2,2021-11-30
초13-1,권선구,서부,초등학교,당수초교,경기도 수원시 권선구 당진로 6,경기도 수원시 권선구 당수동 244-3번지,당수동,입북동,1구간,275,30km,2011-12-29,제2011-260호,37.291213,126.940501,4차로,양방,양측,224,236,70,53,0,일반형+고원형,운영+미운영,1,0,0,0,3,3,6,1,1,2,4,3,7,1,0,1,0,0,0,0,2,2,1,3,4,3,3,6,4,5,9,4,4,8,2021-11-30
초13-2,권선구,서부,초등학교,당수초교,경기도 수원시 권선구 당진로 6,경기도 수원시 권선구 당수동 244-3번지,당수동,입북동,2구간,240,30km,2011-12-29,제2011-260호,37.290261,126.941983,2차로,양방,양측,214,30,168,0,0,일반형+고원형,미운영,0,0,0,5,2,2,4,1,1,2,3,1,4,0,1,1,0,0,0,0,1,1,3,0,3,0,0,0,4,5,9,5,3,8,2021-11-30
초13-3,권선구,서부,초등학교,당수초교,경기도 수원시 권선구 당진로 6,경기도 수원시 권선구 당수동 244-3번지,당수동,입북동,3구간,270,30km,2011-12-29,제2011-260호,37.290146,126.941971,1차로,양방,양측,31,195,0,109,0,일반형,미운영,0,0,0,3,2,0,2,1,2,3,0,2,2,0,2,2,0,0,0,0,0,0,0,0,0,0,0,0,1,3,4,1,3,4,2021-11-30
초14-1,권선구,남부,초등학교,명당초교,경기도 수원시 권선구 세권로 319,경기도 수원시 권선구 권선동 1301번지,권선동,곡선동,1구간,420,30km,2011-12-29,제2011-260호,37.251539,127.038714,2~4차로,양방,양측,393,396,203,150,120,일반형+고원형,운영,1,0,0,3,4,5,9,1,1,2,2,2,4,1,1,2,0,1,1,2,1,3,4,0,4,2,4,6,5,3,8,2,3,5,2021-11-30
초14-2,권선구,남부,초등학교,명당초교,경기도 수원시 권선구 세권로 319,경기도 수원시 권선구 권선동 1301번지,권선동,곡선동,2구간,330,30km,2011-12-29,제2011-260호,37.250963,127.037748,4차로,양방,양측,213,169,0,0,119,일반형,운영,0,0,0,2,4,1,5,1,0,1,2,2,4,1,0,1,0,0,0,0,1,1,1,2,3,2,4,6,3,3,6,3,3,6,2021-11-30
초15-1,권선구,서부,초등학교,상촌초교,경기도 수원시 권선구 금곡로31번길 92,경기도 수원시 권선구 금곡동 699번지,금곡동,금곡동,1구간,510,30km,2011-12-29,제2011-260호,37.271731,126.935524,2~4차로,양방,양측,510,141,437,0,0,일반형,운영+미운영,0,0,0,9,4,6,10,2,0,2,5,2,7,1,1,2,1,1,2,0,0,0,1,1,2,2,3,5,6,8,14,8,8,16,2021-11-30
초15-2,권선구,서부,초등학교,상촌초교,경기도 수원시 권선구 금곡로31번길 92,경기도 수원시 권선구 금곡동 699번지,금곡동,금곡동,2구간,176,30km,2021-01-20,제2021-35호,37.274666,126.934855,3~4차로,양방,양측,176,174,21,78,0,일반형,운영,1,0,0,3,1,1,2,0,0,0,2,0,2,0,0,0,0,0,0,0,0,0,1,2,3,3,3,6,3,2,5,3,2,5,2021-11-30
초16-1,권선구,서부,초등학교,서평초교,경기도 수원시 권선구 수인로9번길 52,경기도 수원시 권선구 서둔동 294-3번지,서둔동,서둔동,1구간,400,30km,2011-12-29,제2011-260호,37.267711,126.997674,4~5차로,양방,양측,400,382,225,170,0,일반형+고원형,운영+미운영,0,0,1,1,2,1,3,0,1,1,3,1,4,0,1,1,1,0,1,0,0,0,4,2,6,4,1,5,4,3,7,3,2,5,2021-11-30
초17-1,권선구,서부,초등학교,서호초교,경기도 수원시 권선구 서호동로14번길 47,경기도 수원시 권선구 서둔동 39-7번지,서둔동,서둔동,1구간,145,30km,2011-12-29,제2011-260호,37.268074,126.989298,3차로,양방,양측,93,95,87,61,31,고원형,운영,1,0,0,0,1,0,1,1,2,3,0,0,0,0,0,0,1,0,1,0,0,0,2,2,4,0,1,1,1,1,2,1,1,2,2021-11-30
초17-2,권선구,서부,초등학교,서호초교,경기도 수원시 권선구 서호동로14번길 47,경기도 수원시 권선구 서둔동 39-7번지,서둔동,서둔동,2구간,290,30km,2011-12-29,제2011-260호,37.266834,126.989548,1차로,양방,양측,290,91,24,44,0,일반형+고원형,미운영,0,0,1,8,6,0,6,1,0,1,0,3,3,1,0,1,0,0,0,0,0,0,1,2,3,0,2,2,1,1,2,3,1,4,2021-11-30
초18-1,권선구,남부,초등학교,선일초교,경기도 수원시 권선구 권중로120번길 17,경기도 수원시 권선구 권선동 1276번지,권선동,권선2동,1구간,606,30Km,,제2011-260호,37.248992,127.029916,4차로,양방,양측,575,562,296,286,0,일반형+고원형,운영,0,12,1,6,11,10,21,1,2,3,2,4,6,1,2,3,2,0,2,0,1,1,0,4,4,6,7,13,8,6,14,8,5,13,2021-11-30
초18-2,권선구,남부,초등학교,선일초교,경기도 수원시 권선구 권중로120번길 17,경기도 수원시 권선구 권선동 1276번지,권선동,권선2동,2구간,155,30km,2011-12-29,제2011-260호,37.248324,127.029626,2차로,양방,양측,155,155,68,68,0,일반형,미운영,0,0,0,2,1,1,2,1,0,1,1,1,2,0,0,0,0,0,0,0,0,0,0,0,0,1,2,3,1,2,3,1,2,3,2021-11-30
초18-3,권선구,남부,초등학교,선일초교,경기도 수원시 권선구 권중로120번길 17,경기도 수원시 권선구 권선동 1276번지,권선동,권선2동,3구간,400,50km,2016-12-05,제2016-356호,37.247358,127.029495,11~13차로,양방,양측,384,384,7,8,168,일반형,운영,0,0,0,0,1,2,3,1,1,2,2,2,4,1,1,2,1,1,2,0,0,0,4,1,5,0,0,0,3,4,7,4,3,7,2021-11-30
초19-1,권선구,남부,초등학교,선행초교,경기도 수원시 권선구 세권로196번길 21,경기도 수원시 권선구 권선동 1331번지,권선동,권선2동,1구간,266,30km,2011-11-15,제2011-206호,37.253851,127.025079,3~4차로,양방,양측,226,226,203,91,0,일반형+고원형,운영,0,0,1,4,1,1,2,3,2,5,1,0,1,0,0,0,0,0,0,0,0,0,1,1,2,2,2,4,3,2,5,1,1,2,2021-11-30
초20-1,권선구,남부,초등학교,세곡초교,경기도 수원시 권선구 세권로207번길 32,경기도 수원시 권선구 권선동 1044번지,권선동,권선1동,1구간,313,30km,2009-12-17,,37.256463,127.028252,2~3차로,양방,양측,250,266,147,11,0,일반형+고원형,미운영,0,18,0,7,2,1,3,0,0,0,2,0,2,1,0,1,0,0,0,1,0,1,0,0,0,0,3,3,2,2,4,3,2,5,2021-11-30
초20-2,권선구,남부,초등학교,세곡초교,경기도 수원시 권선구 세권로207번길 32,경기도 수원시 권선구 권선동 1044번지,권선동,권선1동,2구간,220,30km,2011-12-29,제2011-260호,37.255592,127.028274,1차로,일방,편측,206,0,193,0,0,일반형+고원형,미운영,0,0,0,7,2,0,2,2,0,2,2,0,2,1,0,1,0,0,0,2,0,2,1,0,1,4,0,4,3,0,3,2,0,2,2021-11-30
초20-3,권선구,남부,초등학교,세곡초교,경기도 수원시 권선구 세권로207번길 32,경기도 수원시 권선구 권선동 1044번지,권선동,권선1동,3구간,183,30km,2011-12-29,제2011-260호,37.256111,127.027424,1차로,양방,양측,142,131,74,27,0,일반형,미운영,0,0,0,5,1,1,2,1,0,1,1,0,1,1,0,1,0,0,0,0,3,3,0,0,0,0,0,0,4,0,4,4,0,4,2021-11-30
초21-1,권선구,서부,초등학교,세류초교,경기도 수원시 권선구 세류로 78,경기도 수원시 권선구 세류동 63번지,세류동,세류1동,1구간,459,30km,2015-12-31,제2015-368호,37.265821,127.008474,2~5차로,양방,양측,295,308,263,14,0,일반형+고원형,운영+미운영,1,0,0,2,5,5,10,2,0,2,1,3,4,1,1,2,0,0,0,2,3,5,2,2,4,5,5,10,4,3,7,3,3,6,2021-11-30
초21-2,권선구,서부,초등학교,세류초교,경기도 수원시 권선구 세류로 78,경기도 수원시 권선구 세류동 63번지,세류동,세류1동,2구간,349,30km,2015-12-31,제2015-368호,37.264845,127.011156,4~5차로,양방,양측,248,190,237,0,0,일반형+고원형,운영+미운영,0,0,0,0,2,2,4,1,1,2,1,1,2,1,1,2,0,0,0,2,1,3,2,0,2,5,5,10,2,2,4,2,1,3,2021-11-30
초22-1,권선구,남부,초등학교,신곡초교,경기도 수원시 권선구 정조로544번길 13-7,경기도 수원시 권선구 세류동 527번지,세류동,세류3동,1구간,265,30km,2009-12-17,,37.258328,127.013519,2차로,양방,양측,228,227,152,4,0,일반형+고원형,운영,0,0,0,4,3,3,6,1,1,2,3,2,5,1,1,2,0,0,0,1,1,2,1,0,1,5,1,6,2,3,5,2,4,6,2021-11-30
초22-2,권선구,남부,초등학교,신곡초교,경기도 수원시 권선구 정조로544번길 13-7,경기도 수원시 권선구 세류동 527번지,세류동,세류3동,2구간,112,30km,2011-12-29,제2011-260호,37.257531,127.012221,1차로,양방,편측,93,0,62,0,0,없음,미운영,0,0,0,1,2,0,2,1,1,2,0,0,0,1,0,1,0,0,0,0,0,0,0,0,0,0,2,2,1,1,2,1,1,2,2021-11-30
초23-1,권선구,남부,초등학교,안룡초교,경기도 수원시 권선구 곡반정로33번길 21,경기도 수원시 권선구 곡반정동 606번지,곡반정동,곡선동,1구간,290,30km,2009-12-17,,37.232862,127.025693,1차로,일방,편측,248,0,0,0,0,없음,미운영,0,0,0,8,0,0,0,2,0,2,1,0,1,2,0,2,0,0,0,0,0,0,1,0,1,7,0,7,6,0,6,4,0,4,2021-11-30
초23-2,권선구,남부,초등학교,안룡초교,경기도 수원시 권선구 곡반정로33번길 21,경기도 수원시 권선구 곡반정동 606번지,곡반정동,곡선동,2구간,235,30km,2011-12-29,제2011-260호,37.233371,127.025268,2차로,양방,양측,198,180,113,65,0,일반형+고원형,미운영,0,0,0,4,2,2,4,1,0,1,1,1,2,0,1,1,0,0,0,1,1,2,0,0,0,3,2,5,4,3,7,4,3,7,2021-11-30
초23-3,권선구,남부,초등학교,안룡초교,경기도 수원시 권선구 곡반정로33번길 21,경기도 수원시 권선구 곡반정동 606번지,곡반정동,곡선동,3구간,220,30km,2014-12-31,제2014-342호,37.233346,127.024148,1차로,일방,양측,220,157,207,0,0,일반형,미운영,0,0,0,5,1,1,2,0,0,0,1,1,2,0,0,0,0,0,0,0,0,0,0,0,0,3,1,4,3,0,3,3,0,3,2021-11-30
초23-4,권선구,남부,초등학교,안룡초교,경기도 수원시 권선구 곡반정로33번길 21,경기도 수원시 권선구 곡반정동 606번지,곡반정동,곡선동,4구간,285,30km,2014-12-31,제2014-342호,37.233366,127.025758,1차로,양방,편측,202,0,0,0,0,없음,미운영,0,0,0,3,1,0,1,1,0,1,1,1,2,0,0,0,0,0,0,0,0,0,0,0,0,0,0,0,5,0,5,5,0,5,2021-11-30
초24-1,권선구,서부,초등학교,오목초교,경기도 수원시 권선구 오목천로 24,경기도 수원시 권선구 오목천동 422-1번지,오목천동,평동,1구간,365,30km,2011-12-29,제2011-260호,37.240126,126.965591,4~5차로,양방,양측,297,278,215,243,118,일반형+고원형,운영,0,0,1,1,4,4,8,1,1,2,1,3,4,1,1,2,0,0,0,3,3,6,3,4,7,6,6,12,2,2,4,2,2,4,2021-11-30
초25-1,권선구,서부,초등학교,오현초교,경기도 수원시 권선구 서수원로 220,경기도 수원시 권선구 오목천동 278번지,오목천동,평동,1구간,487,30km,2011-12-29,제2011-260호,37.246672,126.967753,6~8차로,양방,양측,408,410,234,225,0,일반형,운영,1,0,0,2,3,2,5,1,1,2,2,0,2,2,0,2,0,0,0,4,1,5,2,1,3,3,2,5,4,2,6,4,0,4,2021-11-30
초25-2,권선구,서부,초등학교,오현초교,경기도 수원시 권선구 서수원로 220,경기도 수원시 권선구 오목천동 278번지,오목천동,평동,2구간,450,50km,2016-12-05,제2016-356호,37.247188,126.967904,8차로,양방,양측,397,407,53,55,164,일반형,운영,1,0,0,0,2,1,3,2,1,3,3,2,5,1,1,2,0,0,0,0,0,0,1,1,2,1,1,2,3,1,4,1,1,2,2021-11-30
초25-3,권선구,서부,초등학교,오현초교,경기도 수원시 권선구 서수원로 220,경기도 수원시 권선구 오목천동 278번지,오목천동,평동,3구간,58,30km,2016-12-05,제2016-356호,37.247047,126.965678,4차로,양방,양측,58,58,58,56,0,없음,미운영,0,0,0,0,1,1,2,0,1,1,1,0,1,0,1,1,1,1,2,1,1,2,0,0,0,1,1,2,1,1,2,0,0,0,2021-11-30
초26-1,권선구,서부,초등학교,일월초교,경기도 수원시 권선구 일월천로16번길 27,경기도 수원시 권선구 구운동 891번지,구운동,구운동,1구간,130,30km,,,37.284433,126.973522,4차로,양방,양측,119,130,118,0,36,없음,미운영,0,0,0,1,1,1,2,1,1,2,0,0,0,1,1,2,0,0,0,0,0,0,1,0,1,1,0,1,1,2,3,1,2,3,2021-11-30
초26-2,권선구,서부,초등학교,일월초교,경기도 수원시 권선구 일월천로16번길 27,경기도 수원시 권선구 구운동 891번지,구운동,구운동,2구간,270,30km,2011-12-29,,37.283661,126.974985,4차로,양방,양측,219,250,200,139,222,일반형+고원형,운영,1,0,1,4,3,4,7,1,1,2,0,3,3,1,0,1,0,0,0,1,1,2,3,1,4,3,3,6,3,4,7,3,4,7,2021-11-30
초26-3,권선구,서부,초등학교,일월초교,경기도 수원시 권선구 일월천로16번길 27,경기도 수원시 권선구 구운동 891번지,구운동,구운동,3구간,96,30km,2013-01-17,제2013-20호,37.284001,126.976817,4차로,양방,양측,65,96,64,67,0,일반형,운영,0,0,0,1,0,2,2,1,1,2,0,0,0,2,0,2,0,0,0,0,0,0,1,1,2,2,0,2,1,1,2,1,1,2,2021-11-30
초26-4,권선구,서부,초등학교,일월초교,경기도 수원시 권선구 일월천로16번길 27,경기도 수원시 권선구 구운동 891번지,구운동,구운동,4구간,60,30km,2020-12-31,제2020-492호,37.283302,126.975113,1차로,양방,편측,0,29,0,0,0,일반형,운영,0,0,0,3,1,0,1,0,1,1,0,3,3,0,1,1,0,0,0,0,0,0,0,0,0,0,3,3,1,2,3,1,2,3,2021-11-30
초27-1,권선구,서부,초등학교,입북초교,경기도 수원시 권선구 율전로 10,경기도 수원시 권선구 입북동 230-3번지,입북동,입북동,1구간,180,30km,2011-12-29,제2011-260호,37.295073,126.960613,2~3차로,양방,양측,144,118,129,102,0,일반형,운영+미운영,0,0,0,3,4,4,8,1,2,3,1,1,2,0,1,1,0,0,0,0,0,0,2,1,3,2,1,3,3,3,6,3,3,6,2021-11-30
초27-2,권선구,서부,초등학교,입북초교,경기도 수원시 권선구 율전로 10,경기도 수원시 권선구 입북동 230-3번지,입북동,입북동,2구간,140,30km,2014-12-31,제2014-342호,37.294104,126.960629,1차로,일방,편측,119,0,114,0,0,없음,미운영,0,0,0,3,1,0,1,2,0,2,1,0,1,2,0,2,0,0,0,0,0,0,0,0,0,2,0,2,3,0,3,3,0,3,2021-11-30
초27-3,권선구,서부,초등학교,입북초교,경기도 수원시 권선구 율전로 10,경기도 수원시 권선구 입북동 230-3번지,입북동,입북동,3구간,500,30km,2014-12-31,제2014-342호,37.296389,126.958776,2~3차로,양방,양측,446,463,191,0,0,일반형+고원형,운영+미운영,0,0,0,3,1,1,2,1,1,2,3,0,3,1,1,2,0,1,1,6,4,10,6,6,12,3,5,8,7,4,11,6,4,10,2021-11-30
초27-4,권선구,서부,초등학교,입북초교,경기도 수원시 권선구 율전로 10,경기도 수원시 권선구 입북동 230-3번지,입북동,입북동,4구간,135,30km,2014-12-31,제2014-342호,37.294916,126.961305,2~4차로,양방,양측,112,106,60,0,0,일반형,운영,0,0,0,1,4,4,8,2,1,3,1,1,2,1,1,2,0,0,0,0,0,0,0,1,1,1,0,1,1,2,3,1,2,3,2021-11-30
초28-1,권선구,서부,초등학교,자혜학교,경기도 수원시 권선구 수봉로 47,경기도 수원시 권선구 탑동 508-6번지,탑동,서둔동,1구간,465,30km,2011-12-29,제2011-260호,37.264807,126.977241,2차로,양방,양측,407,423,91,0,0,일반형,운영,0,0,0,6,2,3,5,1,1,2,2,2,4,1,1,2,1,0,1,0,0,0,2,0,2,2,0,2,4,6,10,3,5,8,2021-11-30
초29-1,권선구,서부,초등학교,중촌초교,경기도 수원시 권선구 금곡로 140번길 30,경기도 수원시 권선구 금곡동 1094번지,금곡동,금곡동,1구간,575,30km,2013-01-17,제2013-20호,37.271736,126.945302,2~3차로,양방,양측,408,441,408,347,0,일반형+고원형,운영+미운영 ,0,0,0,9,4,5,9,0,1,1,5,4,9,0,1,1,0,0,0,2,2,4,3,4,7,6,5,11,4,4,8,5,5,10,2021-11-30
초29-2,권선구,서부,초등학교,중촌초교,경기도 수원시 권선구 금곡로 140번길 30,경기도 수원시 권선구 금곡동 1094번지,금곡동,금곡동,2구간,135,50km,2014-12-31,제2014-342호,37.269848,126.942956,5차로,양방 ,양측,61,57,0,0,0,일반형,운영 ,0,0,0,2,1,0,1,1,1,2,1,1,2,1,1,2,0,0,0,0,0,0,2,1,3,0,1,1,1,1,2,2,2,4,2021-11-30
초29-3,권선구,서부,초등학교,중촌초교,경기도 수원시 권선구 금곡로 140번길 30,경기도 수원시 권선구 금곡동 1094번지,금곡동,금곡동,3구간,100,50km,2020-12-31,제2020-492호,37.273955,126.945509,8~9차로,양방 ,양측,88,80,81,73,0,일반형,운영 ,1,0,0,0,1,1,2,1,1,2,0,0,0,1,1,2,0,0,0,0,0,0,1,2,3,0,0,0,1,1,2,1,2,3,2021-11-30
초30-1,권선구,서부,초등학교,칠보초교,경기도 수원시 권선구 금호로37번길 15,경기도 수원시 권선구 금곡동 245-2번지,금곡동,금곡동,1구간,124,30km,2011-12-29,제2011-260호,37.269144,126.954297,1차로,양방 ,양측,13,124,0,92,0,일반형+고원형,미운영,0,0,0,3,1,0,1,0,0,0,0,0,0,0,0,0,0,0,0,0,0,0,2,0,2,5,0,5,2,0,2,2,1,3,2021-11-30
초30-2,권선구,서부,초등학교,칠보초교,경기도 수원시 권선구 금호로37번길 15,경기도 수원시 권선구 금곡동 245-2번지,금곡동,금곡동,2구간,357,30km,,제2011-260호,37.268805,126.956042,2차로,양방,양측,264,289,152,169,0,일반형+고원형,운영+미운영 ,0,0,1,3,2,2,4,1,0,1,1,0,1,1,0,1,0,0,0,0,0,0,1,2,3,5,1,6,3,2,5,2,2,4,2021-11-30
초30-3,권선구,서부,초등학교,칠보초교,경기도 수원시 권선구 금호로37번길 15,경기도 수원시 권선구 금곡동 245-2번지,금곡동,금곡동,3구간,270,30km,2016-12-05,제2016-356호,37.270085,126.955877,1~2차로,양방,편측,260,0,212,0,0,고원형,미운영,0,0,2,4,1,0,1,1,2,3,0,2,2,0,0,0,0,0,0,0,0,0,0,1,1,3,4,7,4,1,5,4,1,5,2021-11-30
초30-4,권선구,서부,초등학교,칠보초교,경기도 수원시 권선구 금호로37번길 15,경기도 수원시 권선구 금곡동 245-2번지,금곡동,금곡동,4구간,76,30km,,제2011-260호,37.269891,126.954147,1차로,양방,양측,76,33,30,0,0,고원형,미운영,0,0,0,0,1,0,1,1,0,1,0,0,0,1,0,1,0,0,0,0,0,0,0,0,0,2,0,2,2,0,2,2,0,2,2021-11-30
초30-5,권선구,서부,초등학교,칠보초교,경기도 수원시 권선구 금호로37번길 15,경기도 수원시 권선구 금곡동 245-2번지,금곡동,금곡동,5구간,160,30km,2016-12-05,제2016-356호,37.270543,126.956808,1차로,양방,편측,137,0,3,0,0,없음,미운영,0,0,0,2,1,0,1,0,0,0,1,0,1,0,1,1,0,0,0,0,0,0,0,0,0,1,1,2,1,0,1,3,0,3,2021-11-30
초30-6,권선구,서부,초등학교,칠보초교,경기도 수원시 권선구 금호로37번길 15,경기도 수원시 권선구 금곡동 245-2번지,금곡동,금곡동,6구간,400,30km,2020-12-31,제2020-492호,37.270579,126.953399,5차로,양방,양측,400,400,192,226,52,일반형+고원형,운영,0,0,0,0,4,4,8,1,1,2,2,2,4,1,1,2,0,0,0,0,0,0,3,0,3,3,2,5,7,6,13,7,6,13,2021-11-30
초31-1,권선구,서부,초등학교,탑동초교,경기도 수원시 권선구 탑동로 55,경기도 수원시 권선구 탑동 755번지,탑동,서둔동,1구간,115,30km,2011-12-29,제2011-260호,37.273932,126.973091,1차로,일방,편측,115,0,103,0,0,일반형+고원형,미운영,0,0,0,2,1,0,1,1,0,1,1,0,1,1,0,1,0,0,0,0,0,0,0,0,0,0,0,0,2,0,2,1,0,1,2021-11-30
초31-2,권선구,서부,초등학교,탑동초교,경기도 수원시 권선구 탑동로 55,경기도 수원시 권선구 탑동 755번지,탑동,서둔동,2구간,115,30km,2011-12-29,제2011-260호,37.273032,126.973388,1차로,일방,편측,115,0,105,0,0,일반형+고원형,미운영,0,0,0,1,1,0,1,1,0,1,0,0,0,0,0,0,0,0,0,1,0,1,0,0,0,0,0,0,1,0,1,1,0,1,2021-11-30
초31-3,권선구,서부,초등학교,탑동초교,경기도 수원시 권선구 탑동로 55,경기도 수원시 권선구 탑동 755번지,탑동,서둔동,3구간,95,30km,2011-12-29,제2011-260호,37.273351,126.972437,1차로,일방,편측,86,0,70,0,0,일반형,미운영,0,0,0,2,1,0,1,0,0,0,0,0,0,0,0,0,0,0,0,0,0,0,0,0,0,0,0,0,2,0,2,1,0,1,2021-11-30
초31-4,권선구,서부,초등학교,탑동초교,경기도 수원시 권선구 탑동로 55,경기도 수원시 권선구 탑동 755번지,탑동,서둔동,4구간,325,30km,2011-12-29,제2011-260호,37.273042,126.974164,2차로,양방,양측,243,281,67,0,0,일반형,운영,1,0,0,2,3,4,7,1,1,2,5,5,10,1,1,2,1,0,1,4,2,6,1,3,4,3,1,4,3,2,5,3,1,4,2021-11-30
초32-1,권선구,서부,초등학교,호매실초교,경기도 수원시 권선구 매실로 48,경기도 수원시 권선구 호매실동 388-7번지,호매실동,호매실동,1구간,410,30km,2011-12-29,제2011-260호,37.267915,126.957004,4~5차로,양방,양측,410,372,255,126,0,일반형,운영,1,0,1,5,3,3,6,1,1,2,2,2,4,1,0,1,0,0,0,3,3,6,3,7,10,3,5,8,6,5,11,6,5,11,2021-11-30
초32-2,권선구,서부,초등학교,호매실초교,경기도 수원시 권선구 매실로 48,경기도 수원시 권선구 호매실동 388-7번지,호매실동,호매실동,2구간,225,30km,2014-02-14,제2014-37호,37.267371,126.957471,2차로,양방,양측,225,225,41,86,0,일반형,운영+미운영 ,0,0,0,4,2,2,4,0,1,1,2,3,5,2,0,2,0,0,0,1,0,1,0,0,0,4,3,7,2,5,7,2,5,7,2021-11-30
초32-3,권선구,서부,초등학교,호매실초교,경기도 수원시 권선구 매실로 48,경기도 수원시 권선구 호매실동 388-7번지,호매실동,호매실동,3구간,200,30km,,,37.266509,126.955823,1차로,양방,편측,170,0,72,0,0,일반형,미운영,0,0,0,2,3,3,6,1,0,1,1,2,3,0,0,0,0,0,0,0,0,0,1,0,1,0,0,0,2,1,3,1,1,2,2021-11-30
초32-4,권선구,서부,초등학교,호매실초교,경기도 수원시 권선구 매실로 48,경기도 수원시 권선구 호매실동 388-7번지,호매실동,호매실동,4구간,160,30km,,,37.266672,126.956861,1~2차로,양방,편측,130,0,130,0,0,없음,미운영,0,0,0,2,1,1,2,0,1,1,1,0,1,1,0,1,0,0,0,0,0,0,0,0,0,0,0,0,0,2,2,0,1,1,2021-11-30
초32-5,권선구,서부,초등학교,호매실초교,경기도 수원시 권선구 매실로 48,경기도 수원시 권선구 호매실동 388-7번지,호매실동,호매실동,5구간,123,30km,,,37.266648,126.957437,2~4차로,양방,양측,97,104,86,104,0,일반형,운영+미운영 ,0,0,0,1,1,1,2,0,1,1,2,2,4,2,0,2,0,0,0,1,0,1,0,0,0,0,0,0,2,3,5,2,3,5,2021-11-30
초32-6,권선구,서부,초등학교,호매실초교,경기도 수원시 권선구 매실로 48,경기도 수원시 권선구 호매실동 388-7번지,호매실동,호매실동,6구간,45,30km,,,37.266471,126.957086,1차로,양방,편측,39,0,40,0,0,일반형,미운영,0,0,0,1,1,0,1,0,0,0,0,0,0,0,0,0,0,0,0,0,0,0,0,0,0,0,0,0,1,0,1,1,0,1,2021-11-30
초33-1,권선구,남부,초등학교,효정초교,경기도 수원시 권선구 동수원로285번길 5,경기도 수원시 권선구 권선동 1233번지,권선동,권선동,1구간,418,30km,2016-12-05,제2016-356호,37.255091,127.035961,1~2차로,양방,양측,244,214,143,43,0,일반형+고원형,운영+미운영 ,0,23,2,4,3,0,3,0,0,0,2,2,4,0,0,0,0,0,0,0,0,0,1,0,1,5,5,10,6,1,7,3,1,4,2021-11-30
초33-2,권선구,남부,초등학교,효정초교,경기도 수원시 권선구 동수원로285번길 5,경기도 수원시 권선구 권선동 1233번지,권선동,권선동,2구간,290,30km,2011-12-29,제2011-260호,37.254307,127.035743,6~7차로,양방,양측,267,137,14,0,0,일반형,운영,1,0,0,0,0,0,0,1,1,2,1,0,1,1,1,2,1,0,1,0,0,0,1,5,6,2,1,3,4,2,6,2,4,6,2021-11-30
초34-1,권선구,서부,초등학교,효탑초교,경기도 수원시 권선구 효탑로16번길 17,경기도 수원시 권선구 탑동 870번지,탑동,서둔동,1구간,240,30km,2011-12-29,제2011-260호,37.267745,126.975705,2차로,양방,양측,221,240,0,0,20,일반형,운영+미운영 ,0,0,0,3,1,2,3,0,1,1,2,3,5,0,1,1,0,0,0,0,0,0,0,0,0,2,6,8,4,3,7,2,4,6,2021-11-30
초34-2,권선구,서부,초등학교,효탑초교,경기도 수원시 권선구 효탑로16번길 17,경기도 수원시 권선구 탑동 870번지,탑동,서둔동,2구간,235,30km,2011-12-29,제2011-260호,37.265934,126.975269,1차로,양방,양측,144,55,78,0,0,없음,미운영,0,8,0,2,1,1,2,1,1,2,0,0,0,1,1,2,0,0,0,0,0,0,0,0,0,1,2,3,3,1,4,3,2,5,2021-11-30
초34-3,권선구,서부,초등학교,효탑초교,경기도 수원시 권선구 효탑로16번길 17,경기도 수원시 권선구 탑동 870번지,탑동,서둔동,3구간,260,30km,2011-12-29,제2011-260호,37.266282,126.976572,1차로,양방,편측,153,0,138,0,0,없음,미운영,0,3,0,6,1,1,2,1,0,1,1,1,2,0,1,1,0,0,0,0,0,0,0,0,0,1,1,2,1,2,3,1,2,3,2021-11-30
초35-1,영통구,남부,초등학교,광교초교,경기도 수원시 영통구 대학로 91,경기도 수원시 영통구 이의동 1208번지,이의동,광교1동,1구간,500,30km,2013-01-17,제2013-20호,37.304571,127.047504,4~5차로,양방,양측,395,411,238,282,0,일반형,운영,1,0,1,5,3,4,7,1,0,1,1,3,4,2,1,3,0,0,0,2,3,5,4,2,6,3,2,5,5,4,9,3,1,4,2021-11-30
초35-2,영통구,남부,초등학교,광교초교,경기도 수원시 영통구 대학로 91,경기도 수원시 영통구 이의동 1208번지,이의동,광교1동,2구간,734,30km,2015-12-31,제2015-368호,37.305312,127.047504,4~5차로,양방,양측,611,415,734,477,0,일반형,운영,1,0,2,7,5,5,10,1,0,1,2,3,5,2,1,3,0,0,0,1,1,2,5,4,9,5,4,9,7,7,14,6,6,12,2021-11-30
초35-3,영통구,남부,초등학교,광교초교,경기도 수원시 영통구 대학로 91,경기도 수원시 영통구 이의동 1208번지,이의동,광교1동,3구간,220,30km,,제2013-20호,37.306072,127.045251,2~3차로,양방,양측,198,179,99,117,0,없음,미운영,0,0,0,1,0,1,1,0,1,1,0,0,0,0,1,1,0,0,0,0,0,0,1,0,1,2,1,3,3,2,5,1,0,1,2021-11-30
초35-4,영통구,남부,초등학교,광교초교,경기도 수원시 영통구 대학로 91,경기도 수원시 영통구 이의동 1208번지,이의동,광교1동,4구간,60,30km,,제2013-20호,37.303863,127.048099,2~3차로,양방,양측,102,103,102,103,0,없음,미운영,0,0,0,1,0,1,1,0,0,0,0,0,0,0,0,0,0,0,0,0,0,0,0,0,0,1,1,2,0,1,1,0,1,1,2021-11-30
초35-5,영통구,남부,초등학교,광교초교,경기도 수원시 영통구 대학로 91,경기도 수원시 영통구 이의동 1208번지,이의동,광교1동,5구간,80,30km,2015-12-31,제2015-368호,37.305451,127.051671,6~7차로,양방,양측,80,80,0,0,0,일반형,운영,2,0,0,2,1,1,2,1,1,2,1,1,2,2,2,4,0,0,0,0,0,0,2,2,4,1,1,2,1,1,2,2,1,3,2021-11-30
초36-1,영통구,남부,초등학교,대선초교,경기도 수원시 영통구 봉영로 1432-19,경기도 수원시 영통구 망포동 710번지,망포동,망포1동,1구간,360,30km,2017-12-07,제2017-356호,37.243775,127.064647,2~4차로,양방,양측,301,322,133,244,76,일반형+고원형,운영+미운영,1,0,0,8,5,2,7,1,3,4,0,1,1,0,1,1,0,0,0,0,0,0,1,2,3,2,1,3,3,5,8,3,5,8,2021-11-30
초36-2,영통구,남부,초등학교,대선초교,경기도 수원시 영통구 봉영로 1432-19,경기도 수원시 영통구 망포동 710번지,망포동,망포1동,2구간,346,30km,2016-12-05,제2016-356호,37.241184,127.064176,2~4차로,양방,양측,317,281,211,256,157,일반형,운영+미운영,0,0,1,5,3,2,5,0,2,2,2,3,5,1,0,1,0,0,0,0,0,0,0,2,2,1,1,2,4,4,8,4,4,8,2021-11-30
초36-3,영통구,남부,초등학교,대선초교,경기도 수원시 영통구 봉영로 1432-19,경기도 수원시 영통구 망포동 710번지,망포동,망포1동,3구간,249,30km,2016-12-05,제2016-356호,37.240159,127.063447,3~4차로,양방,양측,229,238,212,222,188,고원형,운영,0,0,0,5,2,3,5,1,0,1,0,0,0,0,1,1,0,0,0,0,0,0,1,0,1,2,2,4,5,0,5,5,0,5,2021-11-30
초36-4,영통구,남부,초등학교,대선초교,경기도 수원시 영통구 봉영로 1432-19,경기도 수원시 영통구 망포동 710번지,망포동,망포1동,4구간,111,30km,2017-12-07,제2017-356호,37.240551,127.065092,2차로,양방,양측,100,85,84,68,0,일반형+고원형,미운영,0,0,0,0,2,1,3,0,1,1,3,2,5,0,1,1,0,0,0,0,0,0,1,1,2,0,0,0,1,1,2,1,1,2,2021-11-30
초37-1,영통구,남부,초등학교,동수원초,경기도 수원시 영통구 인계로189번길 83,경기도 수원시 영통구 매탄동 898번지,매탄동,매탄1동,1구간,425,30km,2011-12-29,제2011-260호,37.268592,127.039374,2차로,양방,양측,340,425,342,302,0,일반형+고원형,운영+미운영,0,0,0,5,1,1,2,1,1,2,2,2,4,1,0,1,0,1,1,2,0,2,2,0,2,4,5,9,7,6,13,7,4,11,2021-11-30
초38-1,영통구,남부,초등학교,매원초교,경기도 수원시 권선구 동수원로285번길 5,경기도 수원시 권선구 권선동 1233번지,원천동,원천동,1구간,361,30km,2013-01-17,제2013-20호,37.274923,127.062012,2~3차로,양방,양측,318,319,258,266,0,일반형+고원형,운영,0,0,1,2,3,3,6,0,0,0,1,1,2,0,0,0,0,0,0,2,2,4,0,0,0,5,4,9,4,3,7,4,3,7,2021-11-30
초38-2,영통구,남부,초등학교,매원초교,경기도 수원시 권선구 동수원로285번길 5,경기도 수원시 권선구 권선동 1233번지,원천동,원천동,2구간,510,30km,2013-01-17,제2013-20호,37.274725,127.060194,4~5차로,양방,양측,473,510,391,338,61,일반형+고원형,운영,1,0,1,4,3,3,6,1,1,2,1,1,2,1,1,2,0,0,0,3,4,7,4,0,4,4,4,8,4,4,8,4,4,8,2021-11-30
초38-3,영통구,남부,초등학교,매원초교,경기도 수원시 권선구 동수원로285번길 5,경기도 수원시 권선구 권선동 1233번지,원천동,원천동,3구간,760,30km,2013-01-17,제2013-20호,37.273219,127.059458,4~8차로,양방,양측,674,707,553,449,246,일반형+고원형,운영,2,0,1,6,5,4,9,1,1,2,3,2,5,1,2,3,0,0,0,4,3,7,5,8,13,6,5,11,7,6,13,5,5,10,2021-11-30
초39-1,영통구,남부,초등학교,매탄초교,경기도 수원시 영통구 매탄로 139,경기도 수원시 영통구 매탄동 946번지,매탄동,매탄3동,1구간,245,30km,2011-12-29,제2011-260호,37.264638,127.043344,4~6차로,양방,양측,245,221,132,174,65,일반형+고원형,운영+미운영,1,0,0,2,3,2,5,1,1,2,1,1,2,1,0,1,1,1,2,1,1,2,2,0,2,4,3,7,2,1,3,3,1,4,2021-11-30
초39-2,영통구,남부,초등학교,매탄초교,경기도 수원시 영통구 매탄로 139,경기도 수원시 영통구 매탄동 946번지,매탄동,매탄3동,2구간,435,30km,2011-12-29,제2011-260호,37.262498,127.043675,4~6차로,양방,양측,355,329,342,126,112,일반형,운영+미운영,0,0,0,2,3,2,5,1,1,2,3,2,5,1,1,2,1,1,2,1,1,2,2,3,5,1,4,5,2,2,4,1,3,4,2021-11-30
초39-3,영통구,남부,초등학교,매탄초교,경기도 수원시 영통구 매탄로 139,경기도 수원시 영통구 매탄동 946번지,매탄동,매탄3동,3구간,210,30km,2011-12-29,제2011-260호,37.261773,127.044901,4차로,양방,양측,190,202,130,150,0,일반형,운영,0,0,0,3,4,4,8,1,1,2,0,0,0,1,1,2,0,0,0,0,0,0,0,1,1,0,0,0,2,1,3,0,0,0,2021-11-30
초40-1,영통구,남부,초등학교,매현초교,경기도 수원시 영통구 동탄원천로881번길 77,경기도 수원시 영통구 매탄동 1278번지,매탄동,매탄3동,1구간,535,30km,2011-12-29,제2011-260호,37.256707,127.041433,4~5차로,양방,양측,437,401,122,0,246,일반형,운영+미운영,0,0,0,1,2,3,5,1,1,2,0,0,0,1,1,2,0,0,0,0,0,0,2,5,7,6,7,13,3,3,6,3,2,5,2021-11-30
초40-2,영통구,남부,초등학교,매현초교,경기도 수원시 영통구 동탄원천로881번길 77,경기도 수원시 영통구 매탄동 1278번지,매탄동,매탄3동,2구간,353,30km,2011-12-29,제2011-260호,37.256369,127.043804,4~5차로,양방,양측,274,294,68,33,0,일반형,운영+미운영,0,0,2,2,1,2,3,1,1,2,1,1,2,0,1,1,0,0,0,0,0,0,1,0,1,4,4,8,3,4,7,1,3,4,2021-11-30
초40-3,영통구,남부,초등학교,매현초교,경기도 수원시 영통구 동탄원천로881번길 77,경기도 수원시 영통구 매탄동 1278번지,매탄동,매탄3동,3구간,400,30km,2011-12-29,제2011-260호,37.254825,127.041998,2~4차로,양방,양측,367,362,210,286,24,일반형+고원형,운영+미운영,0,0,0,6,2,1,3,0,1,1,1,2,3,0,1,1,0,0,0,1,2,3,0,1,1,3,7,10,6,7,13,6,7,13,2021-11-30
초41-1,영통구,남부,초등학교,매화초교,경기도 수원시 영통구 권광로304번길 47-17,경기도 수원시 영통구 매탄동 157번지,매탄동,매탄1동,1구간,135,30km,2011-12-29,제2011-260호,37.273921,127.040059,2차로,양방,양측,114,115,86,43,0,고원형,미운영,0,0,0,0,1,1,2,1,1,2,2,0,2,1,1,2,0,0,0,0,0,0,1,0,1,2,0,2,2,2,4,1,2,3,2021-11-30
초42-1,영통구,남부,초등학교,산남초교,경기도 수원시 영통구 산남로 86,경기도 수원시 영통구 매탄동 111-164번지,매탄동,매탄2동,1구간,288,30km,2015-12-31,제2015-368호,37.269801,127.049231,2차로,양방,양측,246,232,179,0,0,일반형+고원형,운영+미운영,0,0,0,5,3,2,5,1,1,2,1,2,3,0,1,1,1,0,1,1,1,2,0,1,1,4,5,9,3,4,7,4,4,8,2021-11-30
초42-2,영통구,남부,초등학교,산남초교,경기도 수원시 영통구 산남로 86,경기도 수원시 영통구 매탄동 111-164번지,매탄동,매탄2동,2구간,105,30km,2011-12-29,제2011-260호,37.269921,127.049871,1차로,양방,편측,105,0,105,0,0,일반형,미운영,0,0,0,2,2,0,2,1,0,1,0,0,0,1,0,1,0,0,0,0,0,0,0,0,0,0,1,1,2,0,2,2,0,2,2021-11-30
초42-3,영통구,남부,초등학교,산남초교,경기도 수원시 영통구 산남로 86,경기도 수원시 영통구 매탄동 111-164번지,매탄동,매탄2동,3구간,144,30km,2015-12-31,제2015-368호,37.268653,127.049198,4차로,양방,양측,129,99,44,0,0,일반형,운영+미운영,0,0,0,2,2,1,3,1,1,2,0,0,0,1,1,2,0,0,0,0,0,0,1,0,1,1,0,1,2,1,3,1,0,1,2021-11-30
초43-1,영통구,남부,초등학교,산의초교,경기도 수원시 영통구 센트럴타운로22번길 25,경기도 수원시 영통구 이의동 1327번지,이의동,광교1동,1구간,537,30km,2015-12-31,제2015-368호,37.288602,127.056905,4~5차로,양방,양측,423,356,291,182,0,일반형+고원형,운영,0,0,2,2,3,2,5,1,1,2,3,2,5,1,2,3,0,0,0,0,0,0,2,2,4,1,1,2,4,6,10,3,4,7,2021-11-30
초43-2,영통구,남부,초등학교,산의초교,경기도 수원시 영통구 센트럴타운로22번길 25,경기도 수원시 영통구 이의동 1327번지,이의동,광교1동,2구간,431,30km,2013-01-17,제2013-20호,37.289043,127.056812,4~6차로,양방,양측,380,321,123,159,78,일반형,운영+미운영,0,0,0,3,2,2,4,1,1,2,3,1,4,2,1,3,0,0,0,0,0,0,1,1,2,2,2,4,4,3,7,3,1,4,2021-11-30
초43-3,영통구,남부,초등학교,산의초교,경기도 수원시 영통구 센트럴타운로22번길 25,경기도 수원시 영통구 이의동 1327번지,이의동,광교1동,3구간,385,30km,2015-12-31,제2015-368호,37.290718,127.059456,6~8차로,양방 ,양측,376,341,131,105,212,일반형,운영,2,0,1,1,2,0,2,1,1,2,2,2,4,1,1,2,0,0,0,0,0,0,2,4,6,2,4,6,1,1,2,1,1,2,2021-11-30
초44-1,영통구,남부,초등학교,소화초교,경기도 수원시 영통구 광교중앙로 30,경기도 수원시 영통구 원천동 산49-1번지,원천동,원천동,1구간,490,50km,2016-12-05,제2016-356호,37.278057,127.051791,9~10차로,양방,양측,457,457,222,360,0,없음,미운영,1,0,0,0,0,0,0,1,1,2,1,2,3,1,1,2,0,0,0,0,0,0,3,3,6,4,2,6,1,1,2,0,0,0,2021-11-30
초45-1,영통구,남부,초등학교,신성초교,경기도 수원시 영통구 청명북로 42,경기도 수원시 영통구 영통동 1049-2번지,영통동,영통1동,1구간,420,30km,2011-12-29,제2011-260호,37.256887,127.079978,5차로,양방,양측,340,314,323,303,0,일반형+고원형,운영,1,0,0,2,4,2,6,1,1,2,0,0,0,1,1,2,0,0,0,0,1,1,2,3,5,4,5,9,8,8,16,7,8,15,2021-11-30
초46-1,영통구,남부,초등학교,신영초교,경기도 수원시 영통구 영통로 266,경기도 수원시 영통구 영통동 972-3번지,영통동,영통2동,1구간,480,30km,2009-12-17,,37.249406,127.058315,4~5차로,양방,양측,390,320,51,0,0,일반형+고원형,운영,0,0,0,3,2,3,5,1,1,2,2,2,4,1,0,1,0,0,0,0,0,0,0,0,0,5,6,11,6,5,11,6,6,12,2021-11-30
초46-2,영통구,남부,초등학교,신영초교,경기도 수원시 영통구 영통로 266,경기도 수원시 영통구 영통동 972-3번지,영통동,영통2동,2구간,370,30km,2011-12-29,제2011-260호,37.248831,127.061758,4~5차로,양방,양측,313,244,0,31,246,고원형,운영,1,0,0,6,5,4,9,1,1,2,2,2,4,0,1,1,0,0,0,0,0,0,2,0,2,3,3,6,4,2,6,4,2,6,2021-11-30
초47-1,영통구,남부,초등학교,신풍초교(본교),경기도 수원시 영통구 도청로17번길 24,경기도 수원시 영통구 이의동 1342번지,이의동,광교1동,1구간,409,30km,2014-02-14,제2014-37호,37.285084,127.051975,3~6차로,양방,양측,247,270,145,158,98,일반형,운영,0,0,0,6,3,4,7,1,1,2,1,1,2,1,1,2,0,0,0,0,0,0,2,3,5,5,5,10,5,4,9,0,0,0,2021-11-30
초47-2,영통구,남부,초등학교,신풍초교(본교),경기도 수원시 영통구 도청로17번길 24,경기도 수원시 영통구 이의동 1342번지,이의동,광교1동,2구간,382,30km,2014-02-14,제2014-37호,37.284816,127.052921,4~6차로,양방,양측,244,297,31,129,232,일반형+고원형,운영,0,0,1,4,4,4,8,1,1,2,1,1,2,1,1,2,0,0,0,0,0,0,1,2,3,2,2,4,5,6,11,5,6,11,2021-11-30
초47-3,영통구,남부,초등학교,신풍초교(본교),경기도 수원시 영통구 도청로17번길 24,경기도 수원시 영통구 이의동 1342번지,이의동,광교1동,3구간,668,50km,2015-12-31,제2015-368호,37.287736,127.052639,4~9차로,양방,양측,564,492,138,164,101,고원형,운영,1,25,3,0,0,0,0,1,1,2,1,1,2,1,1,2,0,0,0,0,0,0,4,5,9,3,5,8,0,0,0,0,0,0,2021-11-30
초48-1,영통구,중부,초등학교,아름학교,경기도 수원시 영통구 광교로 32,경기도 수원시 영통구 이의동 1364번지,이의동,광교1동,1구간,265,50km,2014-02-14,제2014-37호,37.284989,127.038565,8~10차로,양방,양측,249,248,165,249,0,없음,미운영,0,0,0,0,1,1,2,1,0,1,0,0,0,1,0,1,0,0,0,0,0,0,0,2,2,3,1,4,3,0,3,1,1,2,2021-11-30
초49-1,영통구,남부,초등학교,영덕초교,경기도 수원시 영통구 영통로 438,경기도 수원시 영통구 영통동 957-2번지,영통동,영통1동,1구간,295,30km,2011-12-29,제2011-260호,37.259522,127.073511,4~5차로,양방,양측,282,295,181,96,0,고원형,운영,0,0,0,0,2,2,4,1,1,2,0,0,0,1,1,2,1,1,2,0,0,0,1,1,2,3,3,6,2,3,5,2,3,5,2021-11-30
초50-1,영통구,남부,초등학교,영동초교,경기도 수원시 영통구 봉영로1517번길 40,경기도 수원시 영통구 영통동 967-4번지,영통동,영통3동,1구간,296,30km,2018-12-20,제2018-371호,37.249344,127.065676,4차로,양방,양측,296,296,162,165,111,일반형+고원형,운영,1,0,0,5,4,3,7,1,1,2,2,2,4,0,1,1,0,0,0,0,0,0,2,0,2,3,4,7,7,5,12,6,5,11,2021-11-30
초51-1,영통구,남부,초등학교,영일초교,경기도 수원시 영통구 덕영대로1673번길 17,경기도 수원시 영통구 영통동 988-4번지,영통동,영통3동,1구간,180,30km,2011-12-29,제2011-260호,37.248397,127.074205,2차로,양방,편측,180,0,126,0,0,일반형,미운영,1,0,0,4,3,3,6,2,0,2,2,0,2,2,0,2,0,0,0,1,0,1,3,0,3,2,0,2,3,3,6,3,3,6,2021-11-30
초52-1,영통구,남부,초등학교,영통초교,경기도 수원시 영통구 영통로 328,경기도 수원시 영통구 영통동 963-3번지,영통동,영통3동,1구간,393,30km,2016-12-05,제2016-356호,37.255488,127.064053,4~5차로,양방,양측,375,326,159,0,0,일반형,운영+미운영,0,0,0,3,5,4,9,1,1,2,3,2,5,0,1,1,0,0,0,0,0,0,0,0,0,3,3,6,5,5,10,2,2,4,2021-11-30
초52-2,영통구,남부,초등학교,영통초교,경기도 수원시 영통구 영통로 328,경기도 수원시 영통구 영통동 963-3번지,영통동,영통3동,2구간,225,30km,2011-12-29,제2011-260호,37.252533,127.065985,4~5차로,양방,양측,219,203,86,136,0,일반형,운영,0,0,0,2,4,3,7,1,1,2,1,1,2,1,0,1,0,0,0,0,0,0,1,0,1,2,3,5,1,0,1,1,0,1,2021-11-30
초53-1,영통구,남부,초등학교,외국인학교,경기도 수원시 영통구 영통로 451,경기도 수원시 영통구 영통동 29-3번지,영통동,영통1동,1구간,295,30km,2011-12-29,제2011-260호,37.259844,127.074221,4~5차로,양방,양측,277,244,89,197,0,고원형,운영,0,0,0,0,3,2,5,1,1,2,0,0,0,1,1,2,1,1,2,0,0,0,1,1,2,3,3,6,3,2,5,3,3,6,2021-11-30
초54-1,영통구,남부,초등학교,원일초교,경기도 수원시 영통구 중부대로448번길 84,경기도 수원시 영통구 원천동 549-1번지,원천동,원천동,1구간,424,30km,2015-12-31,제2015-368호,37.267622,127.061294,4~5차로,양방,양측,396,396,131,7,0,일반형,운영+미운영,0,0,1,4,5,6,11,1,1,2,1,0,1,1,2,3,0,0,0,0,0,0,1,2,3,3,2,5,3,3,6,3,3,6,2021-11-30
초55-1,영통구,남부,초등학교,원천초교,경기도 수원시 영통구 매영로 103,경기도 수원시 영통구 매탄동 1212번지,매탄동,매탄2동,1구간,150,30km,2009-12-17,제2011-260호,37.269337,127.052182,4차로,양방,양측,150,150,170,196,0,일반형+고원형,운영+미운영,0,0,0,2,2,2,4,0,1,1,0,2,2,1,1,2,0,0,0,0,0,0,0,0,0,4,1,5,4,1,5,4,2,6,2021-11-30
초55-2,영통구,남부,초등학교,원천초교,경기도 수원시 영통구 매영로 103,경기도 수원시 영통구 매탄동 1212번지,매탄동,매탄2동,2구간,410,30km,2011-12-29,제2011-260호,37.267833,127.052596,4차로,양방,양측,370,408,190,286,113,일반형,운영+미운영,2,0,0,4,4,2,6,1,1,2,1,3,4,0,2,2,0,0,0,0,0,0,1,3,4,3,3,6,5,3,8,0,0,0,2021-11-30
초55-3,영통구,남부,초등학교,원천초교,경기도 수원시 영통구 매영로 103,경기도 수원시 영통구 매탄동 1212번지,매탄동,매탄2동,3구간,165,30km,2011-12-29,제2011-260호,37.268483,127.053047,1차로,양방,편측,165,0,70,0,0,없음,미운영,0,0,1,4,3,0,3,0,0,0,1,1,2,0,0,0,0,0,0,0,0,0,1,2,3,2,2,4,1,4,5,1,4,5,2021-11-30
초56-1,영통구,남부,초등학교,이의초교,경기도 수원시 영통구 법조로150번길 47,경기도 수원시 영통구 하동 993번지,하동,광교2동,1구간,367,30km,2011-11-15,제2011-206호,37.292494,127.073208,2~3차로,양방,양측,305,348,177,290,0,일반형+고원형,운영,0,0,0,3,3,2,5,0,1,1,1,1,2,0,0,0,0,0,0,0,1,1,1,0,1,1,1,2,4,4,8,4,4,8,2021-11-30
초56-2,영통구,남부,초등학교,이의초교,경기도 수원시 영통구 법조로150번길 47,경기도 수원시 영통구 하동 993번지,하동,광교2동,2구간,311,30km,2011-11-15,제2011-206호,37.292125,127.071969,6~7차로,양방,양측,311,311,166,133,160,일반형+고원형,운영,0,0,0,2,2,1,3,1,1,2,1,1,2,0,1,1,0,0,0,0,0,0,1,0,1,1,1,2,4,4,8,4,4,8,2021-11-30
초56-3,영통구,남부,초등학교,이의초교,경기도 수원시 영통구 법조로150번길 47,경기도 수원시 영통구 하동 993번지,하동,광교2동,3구간,146,30km,2011-11-15,제2011-206호,37.292687,127.075065,2차로,양방,편측,131,0,117,0,0,일반형,운영+미운영,0,0,0,2,2,2,4,0,0,0,1,0,1,0,0,0,0,0,0,0,1,1,0,0,0,0,0,0,3,3,6,3,3,6,2021-11-30
초57-1,영통구,남부,초등학교,잠원초교,경기도 수원시 영통구 태장로54번길 11,경기도 수원시 영통구 망포동 687번지,망포동,망포2동,1구간,515,30km,2009-12-17,,37.239182,127.051865,4~5차로,양방,양측,492,486,288,366,108,일반형+고원형,운영+미운영,0,0,1,1,3,3,6,1,1,2,0,2,2,1,1,2,0,0,0,1,1,2,1,1,2,3,7,10,6,6,12,6,6,12,2021-11-30
초57-2,영통구,남부,초등학교,잠원초교,경기도 수원시 영통구 태장로54번길 11,경기도 수원시 영통구 망포동 687번지,망포동,망포2동,2구간,310,30km,2014-02-14,제2014-37호,37.237459,127.052056,3차로,양방,양측,310,300,304,44,64,일반형+고원형,운영+미운영,0,0,0,4,2,1,3,1,0,1,0,0,0,1,0,1,1,1,2,0,0,0,0,0,0,4,2,6,6,3,9,6,3,9,2021-11-30
초57-3,영통구,남부,초등학교,잠원초교,경기도 수원시 영통구 태장로54번길 11,경기도 수원시 영통구 망포동 687번지,망포동,망포2동,3구간,171,30km,2017-12-07,제2017-356호,37.239749,127.049984,2차로,양방,양측,171,158,168,0,0,일반형,미운영,0,0,0,3,1,0,1,0,0,0,0,0,0,0,0,0,0,0,0,1,0,1,0,0,0,2,1,3,3,3,6,3,3,6,2021-11-30
초57-4,영통구,남부,초등학교,잠원초교,경기도 수원시 영통구 태장로54번길 11,경기도 수원시 영통구 망포동 687번지,망포동,망포2동,4구간,276,30km,2017-12-07,제2017-356호,37.240478,127.048971,2~3차로,양방,양측,232,202,50,150,0,일반형+고원형,미운영,0,0,0,2,4,4,8,1,1,2,0,1,1,1,1,2,0,0,0,2,3,5,0,0,0,2,0,2,1,2,3,1,2,3,2021-11-30
초57-5,영통구,남부,초등학교,잠원초교,경기도 수원시 영통구 태장로54번길 11,경기도 수원시 영통구 망포동 687번지,망포동,망포2동,5구간,270,30km,2017-12-07,제2017-356호,37.241248,127.048278,4차로,양방,양측,244,234,230,222,107,일반형+고원형,운영+미운영,1,0,0,2,3,2,5,0,1,1,1,0,1,0,1,1,0,0,0,1,1,2,3,1,4,0,0,0,3,2,5,3,2,5,2021-11-30
초58-1,영통구,남부,초등학교,중앙기독초,경기도 수원시 영통구 월드컵로 70,경기도 수원시 영통구 원천동 134-3번지,원천동,원천동,1구간,760,30km,2009-12-17,,37.273198,127.059479,4~7차로,양방,양측,655,678,550,465,64,일반형+고원형,운영,2,0,1,6,5,4,9,1,1,2,3,2,5,1,2,3,0,0,0,4,5,9,5,8,13,4,4,8,7,6,13,5,5,10,2021-11-30
초58-2,영통구,남부,초등학교,중앙기독초,경기도 수원시 영통구 월드컵로 70,경기도 수원시 영통구 원천동 134-3번지,원천동,원천동,2구간,510,30km,2011-12-29,제2011-260호,37.274547,127.060094,4~5차로,양방,양측,502,487,372,345,78,일반형+고원형,운영,1,0,1,4,3,3,6,1,1,2,1,1,2,1,1,2,0,0,0,4,2,6,0,4,4,4,4,8,4,4,8,4,4,8,2021-11-30
초59-1,영통구,남부,초등학교,청명초교,경기도 수원시 영통구 봉영로1744번길 41,경기도 수원시 영통구 영통동 1053-6번지,영통동,영통1동,1구간,655,30km,2011-12-29,제2011-260호,37.265794,127.085591,2~3차로,양방,양측,605,610,392,37,0,일반형+고원형,운영+미운영,0,0,1,5,6,5,11,2,1,3,1,1,2,0,1,1,1,1,2,2,2,4,1,1,2,4,9,13,7,6,13,7,6,13,2021-11-30
초60-1,영통구,남부,초등학교,태장초교,경기도 수원시 영통구 태장로71번길 30,경기도 수원시 영통구 망포동 371번지,망포동,망포2동,1구간,410,30km,2009-12-17,,37.241422,127.053146,2차로,양방,양측,378,379,234,0,0,일반형,운영,0,0,0,10,3,3,6,1,1,2,0,2,2,1,1,2,0,0,0,0,0,0,0,0,0,6,3,9,5,4,9,4,4,8,2021-11-30
초60-2,영통구,남부,초등학교,태장초교,경기도 수원시 영통구 태장로71번길 30,경기도 수원시 영통구 망포동 371번지,망포동,망포2동,2구간,115,30km,2011-12-29,제2011-260호,37.240135,127.054884,1차로,일방,편측,0,117,0,118,0,일반형,운영,0,0,0,2,0,0,0,0,1,1,0,0,0,0,1,1,0,0,0,0,0,0,0,0,0,1,1,2,2,0,2,0,0,0,2021-11-30
초60-3,영통구,남부,초등학교,태장초교,경기도 수원시 영통구 태장로71번길 30,경기도 수원시 영통구 망포동 371번지,망포동,망포2동,3구간,215,30km,2014-02-14,제2014-37호,37.240669,127.054031,2~3차로,양방,양측,167,174,154,182,0,일반형,운영,0,0,0,2,3,1,4,1,0,1,1,0,1,0,0,0,0,0,0,0,0,0,0,0,0,1,1,2,4,1,5,3,0,3,2021-11-30
초60-4,영통구,남부,초등학교,태장초교,경기도 수원시 영통구 태장로71번길 30,경기도 수원시 영통구 망포동 371번지,망포동,망포2동,4구간,110,50km,2014-02-14,제2014-37호,37.241237,127.055446,6~8차로,양방,양측,95,80,31,81,0,일반형,운영,2,0,0,0,2,2,4,1,1,2,1,1,2,1,1,2,0,0,0,0,0,0,2,2,4,1,1,2,3,3,6,0,0,0,2021-11-30
초60-5,영통구,남부,초등학교,태장초교,경기도 수원시 영통구 태장로71번길 30,경기도 수원시 영통구 망포동 371번지,망포동,망포2동,5구간,117,30km,2014-02-14,제2014-37호,37.241869,127.050677,1차로,일방,없음,0,0,0,0,0,일반형,미운영,0,0,0,3,1,0,1,0,1,1,1,0,1,0,1,1,0,0,0,0,0,0,0,0,0,0,0,0,3,0,3,1,0,1,2021-11-30
초60-6,영통구,남부,초등학교,태장초교,경기도 수원시 영통구 태장로71번길 30,경기도 수원시 영통구 망포동 371번지,망포동,망포2동,6구간,240,30km,2020-12-31,제2020-492호,37.241406,127.057041,6차로,양방,양측,218,218,196,218,0,일반형,운영,0,0,0,0,2,2,4,0,1,1,2,2,4,1,0,1,0,0,0,0,0,0,0,1,1,2,0,2,4,4,8,4,4,8,2021-11-30
초61-1,영통구,남부,초등학교,황곡초교,경기도 수원시 영통구 영통로 518,경기도 수원시 영통구 영통동 948-3번지,영통동,영통1동,1구간,290,30km,2009-12-17,,37.265352,127.077722,4~5차로,양방,양측,217,219,193,55,0,일반형+고원형,운영,0,0,0,5,2,2,4,1,1,2,1,2,3,1,1,2,0,0,0,0,0,0,0,0,0,3,4,7,5,5,10,5,6,11,2021-11-30
초61-2,영통구,남부,초등학교,황곡초교,경기도 수원시 영통구 영통로 518,경기도 수원시 영통구 영통동 948-3번지,영통동,영통1동,2구간,240,30km,2011-12-29,제2011-260호,37.264698,127.079058,4차로,양방,양측,240,240,240,230,0,일반형,운영,1,0,0,2,2,1,3,1,0,1,1,1,2,1,0,1,0,0,0,0,0,0,2,0,2,3,3,6,4,1,5,0,0,0,2021-11-30
초62-1,영통구,남부,초등학교,효동초교,경기도 수원시 영통구 매탄로126번길 27,경기도 수원시 영통구 매탄동 1248번지,매탄동,매탄3동,1구간,210,30km,2011-12-29,제2011-260호,37.261773,127.044901,4차로,양방,양측,190,202,130,150,0,일반형,운영,0,0,0,3,4,4,8,1,1,2,0,0,0,1,1,2,0,0,0,0,0,0,0,1,1,0,0,0,2,1,3,0,0,0,2021-11-30
초63-1,영통구,남부,초등학교,효원초교,경기도 수원시 영통구 효원로358번길 16,경기도 수원시 영통구 매탄동 1155번지,매탄동,매탄3동,1구간,357,50km,2009-12-17,,37.259562,127.040308,8차로,양방,양측,337,311,190,122,154,일반형,운영,0,0,0,0,1,1,2,0,0,0,0,0,0,0,0,0,0,0,0,0,0,0,0,0,0,5,4,9,0,0,0,0,0,0,2021-11-30
초63-2,영통구,남부,초등학교,효원초교,경기도 수원시 영통구 효원로358번길 16,경기도 수원시 영통구 매탄동 1155번지,매탄동,매탄3동,2구간,178,30km,2011-12-29,제2011-260호,37.258493,127.040291,1차로,양방,편측,156,0,0,0,0,일반형,미운영,0,0,0,5,1,0,1,2,0,2,0,0,0,0,0,0,0,0,0,0,0,0,4,0,4,4,0,4,4,0,4,3,0,3,2021-11-30
초64-1,장안구,중부,초등학교,다솔초교,경기도 수원시 장안구 이목로 24-35,경기도 수원시 장안구 정자동 946번지,정자동,정자1동,1구간,470,30km,2014-02-14,제2014-37호,37.308391,126.985801,4~5차로,양방,양측,388,344,306,334,0,일반형,운영,1,0,1,2,4,3,7,1,1,2,3,3,6,0,1,1,1,0,1,1,0,1,1,0,1,4,6,10,8,8,16,8,8,16,2021-11-30
초64-2,장안구,중부,초등학교,다솔초교,경기도 수원시 장안구 이목로 24-35,경기도 수원시 장안구 정자동 946번지,정자동,정자1동,2구간,210,30km,2014-02-14,제2014-37호,37.308001,126.988641,2차로,양방,편측,148,0,148,0,0,일반형,미운영,0,0,0,2,1,1,2,1,1,2,0,1,1,1,1,2,0,0,0,0,0,0,0,0,0,1,1,2,1,2,3,1,2,3,2021-11-30
초65-1,장안구,중부,초등학교,대평초교,경기도 수원시 장안구 대평로 111,경기도 수원시 장안구 정자동 871-2번지,정자동,정자3동,1구간,225,30km,2011-12-29,제2011-260호,37.298301,126.991341,4~6차로,양방,양측,194,188,194,182,0,일반형,운영,0,0,1,1,2,1,3,1,1,2,0,0,0,1,1,2,1,1,2,0,0,0,1,0,1,4,4,8,2,1,3,2,1,3,2021-11-30
초65-2,장안구,중부,초등학교,대평초교,경기도 수원시 장안구 대평로 111,경기도 수원시 장안구 정자동 871-2번지,정자동,정자3동,2구간,290,30km,2016-12-05,제2016-356호,37.298191,126.990751,4~6차로,양방,양측,290,290,102,140,0,일반형,운영,1,0,1,1,3,2,5,1,0,1,3,1,4,0,1,1,0,0,0,0,1,1,0,1,1,3,4,7,6,3,9,6,2,8,2021-11-30
초66-1,장안구,중부,초등학교,동신초교,경기도 수원시 장안구 만석로68번길 46,경기도 수원시 장안구 정자동 870-3번지,정자동,정자3동,1구간,387,30km,2011-12-29,제2011-260호,37.295971,126.989821,2~4차로,양방,양측,368,362,358,354,0,일반형,운영+미운영,0,0,1,4,3,3,6,1,1,2,2,2,4,1,1,2,1,0,1,0,0,0,0,0,0,5,5,10,2,4,6,3,5,8,2021-11-30
초66-2,장안구,중부,초등학교,동신초교,경기도 수원시 장안구 만석로68번길 46,경기도 수원시 장안구 정자동 870-3번지,정자동,정자3동,2구간,280,30km,,,37.294921,126.989621,4차로,양방,양측,270,248,52,140,0,일반형,운영,1,0,1,3,1,2,3,1,1,2,1,0,1,1,1,2,0,0,0,0,0,0,1,0,1,4,4,8,2,2,4,2,2,4,2021-11-30
초67-1,장안구,중부,초등학교,명인초교,경기도 수원시 장안구 대평로52번길 21,경기도 수원시 장안구 정자동 884-7번지,정자동,정자2동,1구간,235,30km,2011-12-29,,37.293771,126.996001,2차로,양방,양측,224,216,224,186,0,일반형+고원형,미운영,0,0,0,4,4,4,8,1,1,2,2,1,3,1,1,2,1,1,2,1,3,4,1,0,1,2,2,4,3,3,6,1,1,2,2021-11-30
초67-2,장안구,중부,초등학교,명인초교,경기도 수원시 장안구 대평로52번길 21,경기도 수원시 장안구 정자동 884-7번지,정자동,정자2동,2구간,170,30km,2013-01-17,제2013-20호,37.295201,126.996821,2차로,양방,양측,120,112,56,12,0,일반형,미운영,0,0,0,2,0,0,0,1,1,2,2,1,3,1,1,2,0,0,0,0,0,0,0,1,1,3,2,5,2,1,3,2,1,3,2021-11-30
초68-1,장안구,중부,초등학교,상률초교,경기도 수원시 장안구 덕영대로417번길 98,경기도 수원시 장안구 율전동 142-22번지,율전동,율천동,1구간,270,30km,2011-12-29,제2011-260호,37.305221,126.968991,2차로,양방,양측,236,252,144,250,0,일반형+고원형,운영+미운영,0,0,0,4,1,0,1,1,1,2,1,3,4,0,2,2,0,0,0,0,0,0,0,0,0,4,6,10,2,3,5,2,3,5,2021-11-30
초68-2,장안구,중부,초등학교,상률초교,경기도 수원시 장안구 덕영대로417번길 98,경기도 수원시 장안구 율전동 142-22번지,율전동,율천동,2구간,125,30km,2013-01-17,제2013-20호,37.304661,126.968881,1차로,일방,편측,0,124,0,112,0,일반형+고원형,미운영,0,0,0,4,0,1,1,0,1,1,0,1,1,0,1,1,0,0,0,0,0,0,0,0,0,1,1,2,0,2,2,0,2,2,2021-11-30
초68-3,장안구,중부,초등학교,상률초교,경기도 수원시 장안구 덕영대로417번길 98,경기도 수원시 장안구 율전동 142-22번지,율전동,율천동,3구간,160,30km,,,37.303921,126.968931,1차로,양방,편측,0,144,0,112,0,일반형,미운영,0,0,0,6,1,0,1,0,2,2,0,0,0,1,1,2,0,0,0,0,0,0,0,0,0,2,3,5,0,0,0,0,0,0,2021-11-30
초68-4,장안구,중부,초등학교,상률초교,경기도 수원시 장안구 덕영대로417번길 98,경기도 수원시 장안구 율전동 142-22번지,율전동,율천동,4구간,245,30km,,,37.304871,126.970211,1~4차로,양방,양측,214,202,164,12,0,일반형+고원형,운영+미운영,0,0,0,6,1,0,1,1,0,1,3,0,3,2,0,2,0,0,0,1,0,1,0,0,0,7,4,11,2,1,3,1,1,2,2021-11-30
초69-1,장안구,중부,초등학교,송림초교,경기도 수원시 장안구 대평로51번길 65,경기도 수원시 장안구 정자동 889-1번지,정자동,정자2동,1구간,317,30km,2011-12-29,제2011-260호,37.308471,126.985671,2차로,양방,양측,317,317,224,108,0,일반형,운영+미운영,0,0,0,9,5,3,8,1,1,2,1,1,2,0,1,1,1,0,1,0,0,0,1,0,1,7,7,14,3,5,8,5,5,10,2021-11-30
초69-2,장안구,중부,초등학교,송림초교,경기도 수원시 장안구 대평로51번길 65,경기도 수원시 장안구 정자동 889-1번지,정자동,정자2동,2구간,235,30km,2011-12-29,제2011-260호,37.307901,126.988621,4차로,양방,양측,186,174,32,44,0,일반형,운영,0,0,0,4,1,1,2,1,1,2,0,0,0,1,1,2,0,0,0,0,0,0,1,1,2,2,2,4,2,2,4,2,2,4,2021-11-30
초69-3,장안구,중부,초등학교,송림초교,경기도 수원시 장안구 대평로51번길 65,경기도 수원시 장안구 정자동 889-1번지,정자동,정자2동,3구간,245,30km,2011-12-29,제2011-260호,37.292241,126.992031,2차로,양방,양측,224,228,0,28,0,일반형,운영,0,0,1,4,2,1,3,1,1,2,2,2,4,0,1,1,0,0,0,0,0,0,0,0,0,1,2,3,4,3,7,4,3,7,2021-11-30
초70-1,장안구,중부,초등학교,송원초교,경기도 수원시 장안구 수일로 185,경기도 수원시 장안구 조원동 872번지,조원동,조원2동,1구간,330,30km,2011-12-29,제2011-260호,37.307578,127.010077,5차로,양방,양측,280,220,210,230,0,일반형,운영+미운영,0,0,0,3,1,1,2,2,1,3,2,3,5,1,0,1,0,0,0,3,2,5,2,4,6,5,2,7,3,1,4,5,3,8,2021-11-30
초71-1,장안구,중부,초등학교,송정초교,경기도 수원시 장안구 송정로 41,경기도 수원시 장안구 송죽동 404번지,송죽동,송죽동,1구간,312,30km,2011-12-29,제2011-260호,37.296104,127.002271,4차로,양방,양측,240,290,165,250,0,일반형,운영+미운영,1,0,0,2,2,2,4,1,1,2,0,0,0,1,1,2,1,1,2,0,1,1,4,3,7,4,3,7,2,3,5,1,1,2,2021-11-30
초71-2,장안구,중부,초등학교,송정초교,경기도 수원시 장안구 송정로 41,경기도 수원시 장안구 송죽동 404번지,송죽동,송죽동,2구간,46,30km,2015-12-31,제2015-368호,37.295901,127.002061,1차로,양방,양측,44,40,39,35,0,일반형,미운영,0,0,0,1,1,0,1,0,1,1,0,0,0,0,1,1,0,0,0,0,0,0,0,0,0,1,1,2,1,1,2,1,1,2,2021-11-30
초72-1,장안구,중부,초등학교,송죽초교,경기도 수원시 장안구 송원로41번길 34,경기도 수원시 장안구 송죽동 502번지,송죽동,송죽동,1구간,130,30km,2011-12-29,제2013-20호,37.300945,127.006705,1차로,일방,편측,100,0,60,0,0,없음,미운영,0,0,0,4,1,0,1,0,1,1,0,0,0,1,1,2,0,0,0,1,0,1,0,0,0,0,2,2,2,0,2,1,0,1,2021-11-30
초72-2,장안구,중부,초등학교,송죽초교,경기도 수원시 장안구 송원로41번길 34,경기도 수원시 장안구 송죽동 502번지,송죽동,송죽동,2구간,100,30km,2013-01-17,제2013-20호,37.300853,127.005776,1차로,양방,편측,96,0,90,0,0,일반형+고원형,미운영,0,0,0,1,1,0,1,0,1,1,1,0,1,0,0,0,0,0,0,1,0,1,0,0,0,0,3,3,2,1,3,2,0,2,2021-11-30
초72-3,장안구,중부,초등학교,송죽초교,경기도 수원시 장안구 송원로41번길 34,경기도 수원시 장안구 송죽동 502번지,송죽동,송죽동,3구간,120,30km,2013-01-17,제2013-20호,37.300061,127.005898,1차로,양방,양측,100,30,60,20,0,일반형,미운영,0,0,0,4,1,0,1,1,0,1,0,1,1,1,0,1,0,0,0,0,1,1,1,1,2,0,3,3,1,0,1,1,0,1,2021-11-30
초72-4,장안구,중부,초등학교,송죽초교,경기도 수원시 장안구 송원로41번길 34,경기도 수원시 장안구 송죽동 502번지,송죽동,송죽동,4구간,177,30km,2013-01-17,제2013-20호,37.300289,127.005263,4차로,양방,양측,150,110,0,0,26,일반형,운영,0,0,1,2,2,2,4,1,1,2,1,0,1,1,1,2,0,0,0,0,1,1,0,0,0,1,2,3,2,2,4,2,2,4,2021-11-30
초72-5,장안구,중부,초등학교,송죽초교,경기도 수원시 장안구 송원로41번길 34,경기도 수원시 장안구 송죽동 502번지,송죽동,송죽동,5구간,43,30km,2013-01-17,제2013-20호,37.299978,127.005599,1차로,일방,양측,43,43,42,0,0,일반형,미운영,0,0,0,1,1,0,1,1,0,1,0,0,0,0,0,0,0,0,0,1,0,1,1,0,1,0,0,0,0,1,1,0,1,1,2021-11-30
초73-1,장안구,중부,초등학교,수성초교,경기도 수원시 장안구 금당로 19,경기도 수원시 장안구 조원동 843번지,조원동,조원1동,1구간,170,30km,2011-12-29,제2011-260호,37.304652,127.014204,3차로,양방,양측,170,160,140,10,0,일반형+고원형,운영+미운영,0,0,0,1,4,3,7,2,0,2,0,2,2,2,0,2,1,0,1,2,1,3,0,0,0,4,1,5,2,3,5,2,3,5,2021-11-30
초74-1,장안구,중부,초등학교,수일초교,경기도 수원시 장안구 수일로 85,경기도 수원시 장안구 파장동 411번지,파장동,파장동,1구간,295,30km,2011-12-29,제2011-260호,37.310003,127.000489,2차로,양방,양측,269,275,227,52,0,고원형,운영+미운영,0,0,0,4,3,3,6,2,0,2,1,1,2,2,0,2,1,0,1,0,1,1,2,0,2,3,2,5,3,3,6,5,5,10,2021-11-30
초75-1,장안구,중부,초등학교,영화초교,경기도 수원시 장안구 경수대로 838,경기도 수원시 장안구 조원동 556번지,조원동,조원1동,1구간,223,30km,2011-12-29,제2011-260호,37.297077,127.015841,1차로,양방,편측,188,0,136,0,0,일반형,미운영,0,0,0,0,4,0,4,1,1,2,1,0,1,2,0,2,0,0,0,1,0,1,3,0,3,4,0,4,5,0,5,5,0,5,2021-11-30
초76-1,장안구,중부,초등학교,율전초교,경기도 수원시 장안구 율전로 113,경기도 수원시 장안구 율전동 308-6번지,율전동,율천동,1구간,190,30km,2018-12-20,제2018-371호,37.299443,126.967926,1~2차로,양방,양측,144,60,91,0,0,일반형+고원형,미운영,0,0,0,1,3,2,5,0,1,1,0,0,0,0,2,2,0,1,1,0,0,0,0,0,0,0,1,1,3,3,6,2,3,5,2021-11-30
초76-2,장안구,중부,초등학교,율전초교,경기도 수원시 장안구 율전로 113,경기도 수원시 장안구 율전동 308-6번지,율전동,율천동,2구간,196,30km,2017-12-07,제2017-356호,37.299312,126.969257,2차로,양방,양측,122,82,80,24,0,일반형+고원형,미운영,1,0,0,3,3,3,6,2,0,2,1,0,1,2,0,2,0,0,0,0,0,0,2,0,2,2,3,5,3,4,7,3,2,5,2021-11-30
초77-1,장안구,중부,초등학교,정자초교,경기도 수원시 장안구 장안로 191,경기도 수원시 장안구 정자동 873번지,정자동,정자3동,1구간,490,30km,2011-12-29,제2011-260호,37.299668,126.994282,4~7차로,양방,양측,490,490,223,181,85,일반형,운영,1,0,0,2,2,4,6,1,1,2,2,2,4,0,2,2,0,0,0,0,0,0,2,2,4,6,6,12,7,6,13,6,5,11,2021-11-30
초77-2,장안구,중부,초등학교,정자초교,경기도 수원시 장안구 장안로 191,경기도 수원시 장안구 정자동 873번지,정자동,정자3동,2구간,410,30km,2011-12-29,제2011-260호,37.300078,126.995895,4~7차로,양방,양측,357,343,253,295,0,일반형,운영,0,0,0,0,3,1,4,1,1,2,2,1,3,1,0,1,0,1,1,0,0,0,1,0,1,3,3,6,4,5,9,4,4,8,2021-11-30
초78-1,장안구,중부,초등학교,정천초교,경기도 수원시 장안구 화산로 83,경기도 수원시 장안구 천천동 335번지,천천동,율천동,1구간,315,30km,2011-12-29,제2011-260호,37.290877,126.983709,4~5차로,양방,양측,282,315,57,0,193,일반형+고원형,운영,0,0,0,2,1,1,2,1,1,2,1,1,2,1,1,2,0,0,0,1,1,2,2,3,5,5,5,10,4,3,7,3,2,5,2021-11-30
초79-1,장안구,중부,초등학교,조원초교,경기도 수원시 장안구 금당로 53,경기도 수원시 장안구 조원동 390번지,조원동,조원1동,1구간,270,30km,2011-12-29,제2011-260호,37.302141,127.016601,2차로,양방,양측,237,241,105,0,0,일반형+고원형,운영+미운영,0,0,0,3,2,1,3,1,1,2,2,1,3,1,1,2,1,0,1,1,0,1,1,0,1,5,2,7,3,4,7,0,0,0,2021-11-30
초80-1,장안구,중부,초등학교,창용초교,경기도 수원시 장안구 광교산로140번길 8,경기도 수원시 장안구 연무동 5-2번지,연무동,연무동,1구간,190,30km,2011-12-29,제2016-356호,37.300073,127.030378,3~4차로,양방,양측,162,190,0,0,0,일반형,운영,0,0,1,4,2,1,3,3,1,4,1,1,2,2,1,3,0,0,0,0,0,0,1,2,3,4,1,5,3,1,4,2,2,4,2021-11-30
초80-2,장안구,중부,초등학교,창용초교,경기도 수원시 장안구 광교산로140번길 8,경기도 수원시 장안구 연무동 5-2번지,연무동,연무동,2구간,35,30km,2014-12-31,제2016-356호,37.299792,127.030527,1차로,양방,없음,0,0,0,0,0,없음,미운영,0,0,0,2,1,0,1,0,0,0,1,0,1,1,0,1,0,0,0,0,0,0,0,0,0,1,0,1,1,0,1,1,0,1,2021-11-30
초80-3,장안구,중부,초등학교,창용초교,경기도 수원시 장안구 광교산로140번길 8,경기도 수원시 장안구 연무동 5-2번지,연무동,연무동,3구간,10,30km,2014-12-31,제2016-356호,37.299877,127.031175,1차로,양방,없음,0,0,0,0,0,없음,미운영,0,0,0,0,0,0,0,0,0,0,0,0,0,0,0,0,0,0,0,0,0,0,0,0,0,0,0,0,0,0,0,0,0,0,2021-11-30
초80-4,장안구,중부,초등학교,창용초교,경기도 수원시 장안구 광교산로140번길 8,경기도 수원시 장안구 연무동 5-2번지,연무동,연무동,4구간,49,30km,2016-12-05,제2016-356호,37.298358,127.031167,1차로,양방,없음,0,0,0,0,0,없음,미운영,0,0,0,1,1,0,1,0,0,0,2,0,2,2,0,2,0,0,0,0,0,0,0,0,0,0,0,0,1,0,1,1,0,1,2021-11-30
초80-5,장안구,중부,초등학교,창용초교,경기도 수원시 장안구 광교산로140번길 8,경기도 수원시 장안구 연무동 5-2번지,연무동,연무동,5구간,43,30km,2016-12-05,제2016-356호,37.298252,127.031154,1차로,양방,없음,0,0,0,0,0,없음,미운영,0,0,0,0,1,0,1,0,0,0,1,0,1,1,0,1,0,0,0,0,0,0,0,0,0,0,0,0,2,0,2,0,0,0,2021-11-30
초81-1,장안구,중부,초등학교,천일초교,경기도 수원시 장안구 정자로19번길 13,경기도 수원시 장안구 천천동 570번지,천천동,정자3동,1구간,400,30km,2011-12-29,제2014-342호,37.301134,126.976292,2~3차로,양방,양측,344,359,78,192,0,일반형,운영+미운영,0,0,0,7,5,4,9,1,0,1,2,3,5,0,1,1,0,0,0,1,0,1,0,0,0,1,2,3,6,5,11,6,5,11,2021-11-30
초81-2,장안구,중부,초등학교,천일초교,경기도 수원시 장안구 정자로19번길 13,경기도 수원시 장안구 천천동 570번지,천천동,정자3동,2구간,270,30km,2014-12-31,제2014-342호,37.301853,126.978484,3차로,양방,양측,237,245,149,129,0,일반형,운영+미운영,0,1,0,6,2,1,3,1,1,2,2,3,5,1,1,2,0,0,0,0,0,0,1,0,1,2,3,5,4,4,8,1,1,2,2021-11-30
초81-3,장안구,중부,초등학교,천일초교,경기도 수원시 장안구 정자로19번길 13,경기도 수원시 장안구 천천동 570번지,천천동,정자3동,3구간,160,30km,2014-12-31,제2014-342호,37.299991,126.978172,4~5차로,양방,양측,150,122,14,11,0,일반형,운영,0,1,0,0,1,0,1,1,1,2,0,0,0,1,1,2,0,0,0,0,0,0,0,1,1,1,1,2,3,3,6,2,1,3,2021-11-30
초82-1,장안구,중부,초등학교,천천초교,경기도 수원시 장안구 정자로42번길 17,경기도 수원시 장안구 천천동 512번지,천천동,정자3동,1구간,260,30km,2011-12-29,제2011-260호,37.300612,126.982546,2~5차로,양방,양측,175,171,151,104,0,일반형,운영,0,0,0,4,2,2,4,1,1,2,1,0,1,1,1,2,0,0,0,0,0,0,1,0,1,2,1,3,2,2,4,2,2,4,2021-11-30
초82-2,장안구,중부,초등학교,천천초교,경기도 수원시 장안구 정자로42번길 17,경기도 수원시 장안구 천천동 512번지,천천동,정자3동,2구간,454,30km,2020-12-31,제2020-492호,37.299732,126.982093,4~5차로,양방,양측,212,189,177,172,24,일반형,운영+미운영,0,0,0,5,4,3,7,1,1,2,0,0,0,1,1,2,1,0,1,0,0,0,3,2,5,2,5,7,5,4,9,5,4,9,2021-11-30
초82-3,장안구,중부,초등학교,천천초교,경기도 수원시 장안구 정자로42번길 17,경기도 수원시 장안구 천천동 512번지,천천동,정자3동,3구간,120,30km,,,37.301189,126.983153,5~6차로,양방,양측,101,107,71,0,0,일반형,운영,1,0,0,1,1,1,2,1,1,2,0,0,0,1,1,2,0,0,0,0,0,0,1,0,1,1,1,2,3,1,4,1,1,2,2021-11-30
초83-1,장안구,중부,초등학교,파장초교,경기도 수원시 장안구 경수대로1081번길 32-9,경기도 수원시 장안구 파장동 574번지,파장동,파장동,1구간,214,30km,2011-12-29,제2011-260호,37.309274,126.991936,1차로,일방,편측,214,0,172,0,0,없음,미운영,0,0,0,3,0,0,0,2,0,2,2,0,2,1,0,1,0,0,0,0,0,0,1,0,1,0,0,0,2,0,2,2,0,2,2021-11-30
초83-2,장안구,중부,초등학교,파장초교,경기도 수원시 장안구 경수대로1081번길 32-9,경기도 수원시 장안구 파장동 574번지,파장동,파장동,2구간,205,30km,2016-12-05,제2016-356호,37.308411,126.993334,1차로,일방,없음,0,0,0,0,0,없음,미운영,0,1,0,4,1,0,1,1,0,1,3,0,3,1,0,1,0,0,0,0,0,0,0,0,0,1,0,1,6,0,6,5,0,5,2021-11-30
초84-1,장안구,중부,초등학교,한일초교,경기도 수원시 장안구 수일로 150,경기도 수원시 장안구 조원동 882번지,조원동,조원2동,1구간,303,30km,2011-12-29,제2011-260호,37.306891,127.006986,4~5차로,양방,양측,327,329,219,0,0,일반형,운영,0,0,0,4,2,2,4,2,1,3,0,0,0,1,1,2,1,2,3,0,0,0,3,1,4,3,4,7,3,3,6,4,3,7,2021-11-30
초85-1,장안구,중부,초등학교,효천초교,경기도 수원시 장안구 천천로21번길 11,경기도 수원시 장안구 정자동 923번지,정자동,정자3동,1구간,285,30km,2018-12-20,제2018-371호,37.294311,126.984821,4~5차로,양방,양측,249,246,230,207,0,일반형,운영,1,1,0,4,2,3,5,1,0,1,2,1,3,0,1,1,0,0,0,1,1,2,2,0,2,4,2,6,3,1,4,3,2,5,2021-11-30
초85-2,장안구,중부,초등학교,효천초교,경기도 수원시 장안구 천천로21번길 11,경기도 수원시 장안구 정자동 923번지,정자동,정자3동,2구간,98,30km,2018-12-20,제2018-371호,37.293839,126.986553,4~5차로,양방,양측,85,88,87,86,0,없음,미운영,0,0,0,1,1,1,2,0,1,1,0,1,1,1,0,1,0,0,0,0,0,0,0,0,0,0,2,2,1,1,2,0,1,1,2021-11-30
초86-1,팔달구,중부,초등학교,남창초교,경기도 수원시 팔달구 행궁로 44-9,경기도 수원시 팔달구 남창동 126번지,남창동,행궁동,1구간,165,30km,2011-12-29,제2011-260호,37.278771,127.015216,1차로,일방,양측,152,119,0,0,0,고원형,미운영,0,0,1,1,1,0,1,0,1,1,1,0,1,0,1,1,0,0,0,0,1,1,1,1,2,1,3,4,5,1,6,5,1,6,2021-11-30
초87-1,팔달구,서부,초등학교,매산초교,경기도 수원시 팔달구 향교로 93,경기도 수원시 팔달구 매산로3가 13번지,매산로3가,매산동,1구간,435,30km,2016-12-05,제2016-356호,37.271365,127.011646,1차로,일방,양측,410,423,181,0,0,일반형+고원형,미운영,1,0,1,7,3,0,3,0,1,1,4,0,4,1,0,1,0,0,0,0,0,0,4,1,5,4,0,4,6,0,6,8,0,8,2021-11-30
초88-1,팔달구,남부,초등학교,매여울초교,경기도 수원시 팔달구 권광로260번길 20,경기도 수원시 팔달구 인계동 385번지,인계동,인계동,1구간,230,30km,2011-11-15,제2011-206호,37.270735,127.036511,2~3차로,양방,양측,230,215,84,124,0,일반형+고원형,미운영,0,0,1,7,2,2,4,2,1,3,2,0,2,1,0,1,0,0,0,0,0,0,1,0,1,4,3,7,6,2,8,5,2,7,2021-11-30
초89-1,팔달구,서부,초등학교,수원초교,경기도 수원시 팔달구 팔달로110번길 26,경기도 수원시 팔달구 고등동 19번지,고등동,고등동,1구간,225,30km,2011-12-29,제2011-260호,37.278754,127.005097,2~3차로,양방,양측,195,225,111,105,130,일반형,운영,0,0,0,3,1,2,3,1,1,2,1,1,2,1,1,2,0,0,0,0,0,0,0,0,0,3,3,6,4,3,7,2,0,2,2021-11-30
초89-2,팔달구,서부,초등학교,수원초교,경기도 수원시 팔달구 팔달로110번길 26,경기도 수원시 팔달구 고등동 19번지,고등동,고등동,2구간,194,30km,2011-12-29,제2011-260호,37.278336,127.004775,1차로,일방,편측,108,0,67,0,0,일반형,미운영,0,0,0,2,1,0,1,0,0,0,1,1,2,0,0,0,2,0,2,0,0,0,0,0,0,1,0,1,2,2,4,1,1,2,2021-11-30
초89-3,팔달구,서부,초등학교,수원초교,경기도 수원시 팔달구 팔달로110번길 26,경기도 수원시 팔달구 고등동 19번지,고등동,고등동,3구간,178,30km,2011-12-29,제2011-260호,37.278219,127.004406,1차로,일방,편측,55,88,35,60,0,일반형,미운영,0,0,0,1,2,0,2,0,0,0,3,0,3,1,0,1,0,0,0,0,0,0,0,0,0,2,0,2,2,0,2,1,0,1,2021-11-30
초89-4,팔달구,서부,초등학교,수원초교,경기도 수원시 팔달구 팔달로110번길 26,경기도 수원시 팔달구 고등동 19번지,고등동,고등동,4구간,45,30km,2011-12-29,제2011-260호,37.279047,127.005971,1차로,양방,없음,0,0,0,0,0,없음,미운영,0,1,0,1,1,0,1,1,0,1,0,0,0,0,0,0,0,0,0,0,0,0,1,0,1,0,0,0,2,0,2,1,0,1,2021-11-30
초90-1,팔달구,중부,초등학교,숙지초교,경기도 수원시 팔달구 덕영대로735번길 23-1,경기도 수원시 팔달구 화서동 651번지,화서동,화서2동,1구간,256,30km,2011-12-29,제2011-260호,37.284872,126.991536,2~4차로,양방,양측,256,256,46,102,0,일반형,운영+미운영 ,0,0,1,6,1,1,2,1,1,2,2,1,3,1,1,2,0,0,0,0,0,0,0,1,1,6,5,11,3,3,6,3,3,6,2021-11-30
초90-2,팔달구,중부,초등학교,숙지초교,경기도 수원시 팔달구 덕영대로735번길 23-1,경기도 수원시 팔달구 화서동 651번지,화서동,화서2동,2구간,200,30km,2011-12-29,제2011-260호,37.281678,126.992491,1~2차로,양방,양측,178,185,175,161,0,일반형+고원형,운영,0,0,1,2,1,2,3,0,1,1,3,2,5,0,1,1,0,0,0,0,0,0,0,0,0,2,3,5,3,4,7,2,2,4,2021-11-30
초90-3,팔달구,중부,초등학교,숙지초교,경기도 수원시 팔달구 덕영대로735번길 23-1,경기도 수원시 팔달구 화서동 651번지,화서동,화서2동,3구간,128,30km,2011-12-29,제2011-260호,37.282774,126.994109,2~3차로,양방,양측,128,128,70,15,0,일반형,운영,0,0,0,1,1,1,2,1,0,1,1,1,2,1,0,1,0,0,0,0,0,0,1,0,1,1,0,1,3,2,5,1,0,1,2021-11-30
초91-1,팔달구,중부,초등학교,연무초교,경기도 수원시 팔달구 창룡대로103번길 60,경기도 수원시 팔달구 매향동 7-1번지,매향동,행궁동,1구간,315,30km,2011-12-29,제2011-260호,37.287723,127.022431,2차로,양방,양측,102,290,62,47,0,일반형+고원형,미운영,1,0,0,4,1,1,2,1,1,2,2,3,5,1,1,2,0,0,0,0,0,0,1,1,2,3,4,7,1,1,2,1,2,3,2021-11-30
초91-2,팔달구,중부,초등학교,연무초교,경기도 수원시 팔달구 창룡대로103번길 60,경기도 수원시 팔달구 매향동 7-1번지,매향동,행궁동,2구간,385,30km,2011-12-29,제2011-260호,37.285421,127.021468,1차로,양방,편측,13,306,13,80,0,일반형+고원형,미운영,0,0,0,1,1,0,1,0,1,1,2,1,3,2,0,2,0,0,0,0,0,0,0,0,0,6,2,8,4,3,7,4,2,6,2021-11-30
초92-1,팔달구,중부,초등학교,우만초교,경기도 수원시 팔달구 창룡대로210번길 20,경기도 수원시 팔달구 우만동 300-3번지,우만동,우만1동,1구간,137,30km,2011-12-29,제2011-260호,37.291665,127.033358,6차로,양방 ,양측,94,111,91,69,0,일반형,운영,0,0,0,0,3,2,5,1,1,2,1,1,2,1,1,2,0,0,0,1,2,3,0,0,0,3,2,5,2,1,3,2,1,3,2021-11-30
초92-2,팔달구,중부,초등학교,우만초교,경기도 수원시 팔달구 창룡대로210번길 20,경기도 수원시 팔달구 우만동 300-3번지,우만동,우만1동,2구간,295,50km,2011-12-29,제2011-260호,37.290611,127.030089,6~8차로,양방 ,양측,165,194,133,106,0,일반형,운영,2,0,0,0,3,3,6,1,1,2,2,1,3,0,2,2,0,0,0,0,1,1,1,3,4,2,3,5,1,2,3,0,0,0,2021-11-30
초93-1,팔달구,중부,초등학교,율현초교,경기도 수원시 팔달구 정자천로32번길 55,경기도 수원시 팔달구 화서동 710번지,화서동,화서2동,1구간,132,30km,2011-12-29,제2011-260호,37.287236,126.981981,4차로,양방 ,양측,106,108,106,108,0,고원형,운영,1,0,0,1,2,2,4,1,1,2,1,1,2,1,1,2,1,0,1,1,1,2,3,0,3,1,2,3,2,2,4,3,2,5,2021-11-30
초93-2,팔달구,중부,초등학교,율현초교,경기도 수원시 팔달구 정자천로32번길 55,경기도 수원시 팔달구 화서동 710번지,화서동,화서2동,2구간,300,30km,2017-12-07,제2017-356호,37.286415,126.982724,4차로,양방 ,양측,228,248,118,0,0,일반형,운영,0,0,1,2,0,0,0,1,1,2,1,1,2,1,1,2,0,0,0,0,0,0,2,3,5,4,4,8,4,4,8,3,3,6,2021-11-30
초94-1,팔달구,남부,초등학교,인계초교,경기도 수원시 팔달구 장다리로245번길 12,경기도 수원시 팔달구 인계동 257-2번지,인계동,인계동,1구간,354,30km,2009-12-17,,37.271947,127.025855,1차로,양방,편측,249,0,36,0,0,일반형,미운영,0,0,1,8,1,0,1,1,1,2,1,0,1,0,2,2,0,0,0,0,0,0,1,4,5,3,2,5,4,3,7,2,6,8,2021-11-30
초94-2,팔달구,남부,초등학교,인계초교,경기도 수원시 팔달구 장다리로245번길 12,경기도 수원시 팔달구 인계동 257-2번지,인계동,인계동,2구간,80,30km,2011-12-29,제2011-260호,37.272016,127.025007,1차로,양방,없음,0,0,0,0,0,없음,미운영,0,3,0,1,1,0,1,0,0,0,0,1,1,0,1,1,0,0,0,0,0,0,0,0,0,0,0,0,0,2,2,0,2,2,2021-11-30
초94-3,팔달구,남부,초등학교,인계초교,경기도 수원시 팔달구 장다리로245번길 12,경기도 수원시 팔달구 인계동 257-2번지,인계동,인계동,3구간,334,50km,2013-01-17,제2013-20호,37.272277,127.027001,3~4차로,양방 ,양측,284,285,0,0,0,일반형,운영,0,0,0,2,2,2,4,2,1,3,0,0,0,1,0,1,0,0,0,0,0,0,0,0,0,0,1,1,4,4,8,0,0,0,2021-11-30
초95-1,팔달구,남부,초등학교,지동초교,경기도 수원시 팔달구 중부대로 67,경기도 수원시 팔달구 지동 119-1번지,지동,지동,1구간,290,30km,2011-12-29,제2011-260호,37.276924,127.023718,2차로,양방 ,양측,283,286,112,0,0,일반형+고원형,운영+미운영 ,1,8,1,4,1,4,5,1,1,2,2,2,4,1,2,3,0,0,0,0,1,1,5,5,10,4,2,6,3,3,6,4,3,7,2021-11-30
초96-1,팔달구,중부,초등학교,팔달초교,경기도 수원시 팔달구 권광로367번길 22,경기도 수원시 팔달구 우만동 601번지,우만동,우만2동,1구간,435,30km,2011-12-29,제2011-260호,37.278963,127.035157,2차로,양방 ,양측,343,49,288,0,0,일반형+고원형,운영+미운영 ,0,0,1,5,2,3,5,3,0,3,3,0,3,2,0,2,0,0,0,0,1,1,1,0,1,3,3,6,4,7,11,4,8,12,2021-11-30
초97-1,팔달구,중부,초등학교,화서초교,경기도 수원시 팔달구 팔달로127번길 54-11,경기도 수원시 팔달구 화서동 104-2번지,화서동,화서1동,1구간,125,30km,2011-12-29,제2011-260호,37.281477,127.000581,1차로,양방,편측,0,125,0,100,0,일반형,미운영,0,0,1,2,1,0,1,0,2,2,0,1,1,0,2,2,0,0,0,0,0,0,0,1,1,0,0,0,1,0,1,1,1,2,2021-11-30
초97-2,팔달구,중부,초등학교,화서초교,경기도 수원시 팔달구 팔달로127번길 54-11,경기도 수원시 팔달구 화서동 104-2번지,화서동,화서1동,2구간,125,30km,2011-12-29,제2011-260호,37.280229,127.000568,1차로,양방,편측,111,0,0,0,0,없음,미운영,0,0,1,3,1,0,1,2,0,2,0,0,0,2,0,2,0,0,0,0,0,0,1,0,1,2,1,3,1,1,2,1,1,2,2021-11-30
초97-3,팔달구,중부,초등학교,화서초교,경기도 수원시 팔달구 팔달로127번길 54-11,경기도 수원시 팔달구 화서동 104-2번지,화서동,화서1동,3구간,134,30km,2011-12-29,제2011-260호,37.280851,126.999847,1차로,양방,편측,110,0,106,0,0,없음,미운영,0,0,0,4,1,0,1,1,0,1,1,0,1,1,0,1,0,0,0,0,0,0,0,0,0,2,1,3,1,1,2,1,1,2,2021-11-30
초97-4,팔달구,중부,초등학교,화서초교,경기도 수원시 팔달구 팔달로127번길 54-11,경기도 수원시 팔달구 화서동 104-2번지,화서동,화서1동,4구간,132,30km,2011-12-29,제2011-260호,37.280907,127.001251,1차로,일방,편측,102,0,99,0,0,없음,미운영,0,0,0,2,1,0,1,0,0,0,1,0,1,0,0,0,0,0,0,0,0,0,0,0,0,1,1,2,2,0,2,2,0,2,2021-11-30
초98-1,팔달구,중부,초등학교,화양초교,경기도 수원시 팔달구 덕영대로735번길 65,경기도 수원시 팔달구 화서동 274번지,화서동,화서2동,1구간,130,30km,2011-12-29,제2011-260호,37.283699,126.994861,3~4차로,양방,양측,123,108,94,99,0,일반형,운영,0,0,0,2,1,1,2,0,1,1,0,0,0,0,0,0,0,0,0,0,0,0,1,1,2,0,0,0,1,1,2,1,1,2,2021-11-30
초98-2,팔달구,중부,초등학교,화양초교,경기도 수원시 팔달구 덕영대로735번길 65,경기도 수원시 팔달구 화서동 274번지,화서동,화서2동,2구간,150,30km,2011-12-29,제2011-260호,37.282718,126.995285,2차로,양방,양측,85,93,60,88,0,일반형,운영,0,0,0,1,2,2,4,1,1,2,0,0,0,0,0,0,0,0,0,0,0,0,1,0,1,1,2,3,1,1,2,0,0,0,2021-11-30
초98-3,팔달구,중부,초등학교,화양초교,경기도 수원시 팔달구 덕영대로735번길 65,경기도 수원시 팔달구 화서동 274번지,화서동,화서2동,3구간,170,30km,2011-12-29,제2011-260호,37.283004,126.994005,2~3차로,양방,양측,130,165,15,70,0,일반형,운영,0,0,0,1,1,1,2,0,1,1,1,1,2,0,1,1,0,0,0,0,0,0,0,1,1,0,1,1,2,3,5,0,1,1,2021-11-30
초98-4,팔달구,중부,초등학교,화양초교,경기도 수원시 팔달구 덕영대로735번길 65,경기도 수원시 팔달구 화서동 274번지,화서동,화서2동,4구간,175,30km,2011-12-29,제2011-260호,37.283503,126.995942,3차로,양방,양측,175,175,111,90,0,일반형,운영,1,0,0,2,2,2,4,1,1,2,1,0,1,2,0,2,0,0,0,0,0,0,1,2,3,2,2,4,3,1,4,2,1,3,2021-11-30
초99-1,팔달구,중부,초등학교,화홍초교,경기도 수원시 팔달구 수성로258번길 70,경기도 수원시 팔달구 화서동 7-1번지,화서동,화서2동,1구간,480,30km,2014-12-31,제2014-342호,37.287557,127.003361,2~3차로,양방,편측,373,0,151,0,0,일반형,운영+미운영,1,0,0,3,5,1,6,1,1,2,2,0,2,1,1,2,0,0,0,0,1,1,3,0,3,3,1,4,6,8,14,6,5,11,2021-11-30
초99-2,팔달구,중부,초등학교,화홍초교,경기도 수원시 팔달구 수성로258번길 70,경기도 수원시 팔달구 화서동 7-1번지,화서동,화서2동,2구간,105,30km,2014-12-31,제2014-342호,37.288114,127.004051,2차로,양방,양측,105,105,92,88,0,일반형,미운영,0,0,0,1,2,2,4,1,0,1,0,0,0,0,0,0,0,0,0,0,0,0,0,0,0,1,0,1,2,2,4,1,1,2,2021-11-30
초100-1,팔달구,중부,초등학교,효성초교,경기도 수원시 팔달구 월드컵로 256 ,경기도 수원시 팔달구 우만동 16번지,우만동,우만2동,1구간,670,50km,2011-12-29,제2011-260호,37.283098,127.038151,4~6차로,양방,양측,375,399,236,326,50,일반형,운영+미운영,1,0,0,3,3,0,3,1,2,3,0,0,0,0,1,1,0,0,0,0,1,1,0,5,5,1,2,3,4,3,7,2,2,4,2021-11-30
초101-1,영통구,남부,초등학교,광교호수초교,경기도 수원시 영통구 광교호수공원로 205,경기도 수원시 영통구 원천동 589-1번지,원천동,원천동,1구간,605,30km,2018-06-28,제2018-189호,37.281391,127.059211,4차로,양방,양측,605,605,503,58,233,일반형,운영,1,0,2,4,4,3,7,1,1,2,2,2,4,1,1,2,0,0,0,0,0,0,4,2,6,7,6,13,1,1,2,2,2,4,2021-11-30
초102-1,영통구,남부,초등학교,망포초교,경기도 수원시 영통구 동탄지성로 550-10,경기도 수원시 영통구 망포동 750번지,망포동,망포2동,1구간,454,30km,2019-09-24,제2019-301호,37.241261,127.043296,4~5차로,양방,양측,447,449,389,381,0,일반형+고원형,운영,1,0,2,3,3,3,6,1,0,1,1,2,3,1,0,1,0,0,0,2,2,4,2,3,5,3,3,6,3,3,6,3,3,6,2021-11-30
초102-2,영통구,남부,초등학교,망포초교,경기도 수원시 영통구 동탄지성로 550-10,경기도 수원시 영통구 망포동 750번지,망포동,망포2동,2구간,173,30km,2019-09-24,제2019-301호,37.242197,127.043143,4~5차로,양방,양측,165,165,139,144,0,일반형,운영,0,0,1,1,1,1,2,0,1,1,0,2,2,0,1,1,0,0,0,1,1,2,0,1,1,2,2,4,1,1,2,1,1,2,2021-11-30
초102-3,영통구,남부,초등학교,망포초교,경기도 수원시 영통구 동탄지성로 550-10,경기도 수원시 영통구 망포동 750번지,망포동,망포2동,3구간,667,40km,2019-09-24,제2019-301호,37.241299,127.046411,6~9차로,양방,양측,349,660,257,316,0,일반형,운영,2,0,1,0,1,2,3,1,1,2,3,3,6,1,1,2,0,0,0,1,1,2,2,3,5,0,0,0,5,4,9,5,4,9,2021-11-30
유1-1,권선구,서부,유치원,금곡킹스키즈유치원,경기도 수원시 권선구 금곡로 45,경기도 수원시 권선구 금곡동 530번지 금곡엘지아파트,금곡동,금곡동,1구간,180,30km,2014-02-14,제2014-37호,37.270592,126.937192,3~4차로,양방,양측,125,113,77,0,0,일반형,운영+미운영,0,0,0,3,2,2,4,1,0,1,1,1,2,0,1,1,0,0,0,0,0,0,0,0,0,1,1,2,2,0,2,2,1,3,2021-11-30
유2-1,권선구,서부,유치원,이화숲유치원,경기도 수원시 권선구 매실로 70,경기도 수원시 권선구 호매실동 377번지 호매실GS아파트,호매실동,호매실동,1구간,131,30km,2014-02-14,제2014-37호,37.267213,126.957707,2차로,양방,양측,131,114,81,50,0,일반형,운영+미운영,0,0,0,4,2,2,4,1,0,1,2,3,5,1,1,2,0,0,0,0,0,0,1,0,1,4,4,8,5,3,8,5,3,8,2021-11-30
유3-1,권선구,서부,유치원,수원여대부속유치원,경기도 수원시 권선구 온정로30번길 56,경기도 수원시 권선구 오목천동 35-7번지,오목천동,평동,1구간,78,30km,2013-01-17,제2013-20호,37.251427,126.965451,2차로,양방,없음,0,0,0,0,0,없음,미운영,0,0,0,2,0,0,0,1,1,2,0,0,0,1,0,1,0,0,0,0,0,0,0,0,0,1,1,2,1,1,2,0,0,0,2021-11-30
유4-1,권선구,남부,유치원,은정유치원,경기도 수원시 권선구 경수대로302번길 29,경기도 수원시 권선구 권선동 1185-1번지 권선삼성아파트,권선동,권선2동,1구간,140,30km,2014-12-31,제2014-342호,37.254379,127.022521,1차로,양방,편측,140,0,82,0,0,일반형,미운영,0,0,0,2,1,0,1,2,0,2,1,0,1,2,0,2,0,0,0,0,0,0,0,0,0,1,3,4,1,2,3,1,2,3,2021-11-30
유5-1,권선구,남부,유치원,이지유치원,경기도 수원시 권선구 곡반정로 72-5,경기도 수원시 권선구 곡반정동 311-1번지,곡반정동,곡선동,1구간,265,30km,2014-12-31,제2014-342호,37.235956,127.029714,2차로,양방,편측,232,0,0,0,0,일반형+고원형,미운영,0,0,0,3,2,0,2,2,0,2,1,0,1,2,0,2,0,0,0,0,0,0,0,0,0,0,3,3,2,2,4,3,2,5,2021-11-30
유6-1,권선구,서부,유치원,큰솔유치원,경기도 수원시 권선구 서둔로 191,경기도 수원시 권선구 탑동 332-1번지,탑동,탑동,1구간,120,30km,2014-12-31,제2014-342호,37.268643,126.980121,2차로,양방,양측,120,87,0,0,0,일반형+고원형,미운영,0,4,0,3,1,1,2,1,1,2,0,0,0,1,1,2,0,0,0,0,0,0,0,0,0,1,1,2,2,1,3,0,1,1,2021-11-30
유7-1,권선구,서부,유치원,하나린유치원,경기도 수원시 권선구 수인로 192번길 66,경기도 수원시 권선구 서둔동 260-7번지,서둔동,서둔동,1구간,75,30km,2015-12-31,제2015-368호,37.280214,126.979462,1차로,양방,편측,28,0,0,0,0,없음,미운영,0,0,0,0,2,0,2,1,0,1,0,0,0,1,0,1,0,0,0,0,0,0,0,0,0,1,0,1,1,1,2,1,1,2,2021-11-30
유7-2,권선구,서부,유치원,하나린유치원,경기도 수원시 권선구 수인로 192번길 66,경기도 수원시 권선구 서둔동 260-7번지,서둔동,서둔동,2구간,66,30km,2015-12-31,제2015-368호,37.280027,126.979085,1차로,양방,없음,0,0,0,0,0,없음,미운영,0,9,0,1,1,0,1,0,0,0,1,1,2,0,1,1,0,0,0,0,0,0,0,0,0,3,0,3,1,0,1,1,0,1,2021-11-30
유8-1,권선구,서부,유치원,파라다이스유치원,경기도 수원시 권선구 삼천병마로 1597번길 26,경기도 수원시 권선구 오목천동 360-7번지,오목천동,평동,1구간,150,30km,2015-12-31,제2015-368호,37.244661,126.961874,1차로,양방,없음,0,0,0,0,0,없음,미운영,0,0,0,2,1,1,2,0,0,0,0,1,1,1,0,1,0,0,0,0,0,0,0,0,0,1,0,1,3,0,3,3,0,3,2021-11-30
유8-2,권선구,서부,유치원,파라다이스유치원,경기도 수원시 권선구 삼천병마로 1597번길 26,경기도 수원시 권선구 오목천동 360-7번지,오목천동,평동,2구간,35,30km,2015-12-31,제2015-368호,37.244973,126.962265,1차로,양방,없음,0,0,0,0,0,없음,미운영,0,0,0,0,1,1,2,0,0,0,1,0,1,0,1,1,0,0,0,0,0,0,0,0,0,0,0,0,1,0,1,1,0,1,2021-11-30
유9-1,권선구,서부,유치원,예원유치원,경기도 수원시 권선구 오목천로 57번길 52,,오목천동,오목천동,1구간,92,30km,2016-12-05,제2016-356호,37.242324,126.968098,1차로,양방,없음,0,0,0,0,0,없음,미운영,0,0,0,0,1,1,2,0,0,0,1,1,2,1,1,2,0,0,0,0,0,0,0,0,0,0,0,0,1,1,2,1,1,2,2021-11-30
유10-1,권선구,서부,유치원,하늘유치원,경기도 수원시 권선구 금곡로 102번길 56,경기도 수원시 권선구 금곡동 1084번지,금곡동,금곡동,1구간,134,30km,2017-12-07,제2017-356호,37.272154,126.941647,5~6차로,양방,양측,134,134,134,0,0,일반형,운영 ,0,0,0,0,0,0,0,1,1,2,0,0,0,1,1,2,0,0,0,0,0,0,1,2,3,2,2,4,1,1,2,0,0,0,2021-11-30
유10-2,권선구,서부,유치원,하늘유치원,경기도 수원시 권선구 금곡로 102번길 56,경기도 수원시 권선구 금곡동 1084번지,금곡동,금곡동,2구간,158,30km,2017-12-07,제2017-356호,37.272271,126.941041,2차로,양방,양측,151,141,138,107,0,일반형,운영+미운영 ,0,0,0,1,0,0,0,0,0,0,1,1,2,1,0,1,0,0,0,0,0,0,0,0,0,6,2,8,2,1,3,2,1,3,2021-11-30
유11-1,영통구,남부,유치원,꿈꾸는아이들유치원,경기도 수원시 영통구 영일로 26(영통동),경기도 수원시 영통구 영통동 1014-15번지,영통동,영통3동,1구간,60,30km,2013-01-17,제2013-20호,37.249655,127.076654,4차로,양방,양측,53,60,14,0,0,일반형,운영,0,0,0,0,1,0,1,1,1,2,0,0,0,2,0,2,0,0,0,0,0,0,0,0,0,0,1,1,1,1,2,1,1,2,2021-11-30
유12-1,영통구,남부,유치원,나라유치원,경기도 수원시 영통구 동탄원천로881번길 58,경기도 수원시 영통구 매탄동 1279-5번지,매탄동,매탄3동,1구간,400,30km,2014-02-14,제2014-37호,37.254825,127.041998,2~4차로,양방,양측,362,367,286,210,24,일반형+고원형,운영+미운영,0,0,0,6,1,2,3,1,0,1,2,1,3,1,0,1,0,0,0,2,1,3,1,0,1,7,3,10,7,6,13,7,6,13,2021-11-30
유13-1,영통구,남부,유치원,늘푸른유치원,경기도 수원시 영통구 청명로 132,경기도 수원시 영통구 영통동 957-6번지 벽산삼익아파트,영통동,영통1동,1구간,120,30km,2014-02-14,제2014-37호,37.257463,127.072907,4~5차로,양방,양측,104,120,82,38,0,일반형,운영,0,0,0,1,1,1,2,1,1,2,0,0,0,1,1,2,0,0,0,0,0,0,1,0,1,2,2,4,2,1,3,0,0,0,2021-11-30
유14-1,영통구,남부,유치원,명석유치원,경기도 수원시 영통구 영통로153번길 74-5,경기도 수원시 영통구 망포동 254번지,망포동,망포2동,1구간,117,30km,2014-02-14,제2014-37호,37.241924,127.050737,1차로,일방,없음,0,0,0,0,0,일반형,미운영,0,0,0,3,1,0,1,0,1,1,1,0,1,0,1,1,0,0,0,0,0,0,0,0,0,0,0,0,3,0,3,1,0,1,2021-11-30
유15-1,영통구,남부,유치원,상은유치원,경기도 수원시 영통구 삼성로302번길 11,경기도 수원시 영통구 원천동 319-7번지,원천동,원천동,1구간,160,30km,2014-02-14,제2014-37호,37.266471,127.066924,1~2차로,양방,편측,160,0,95,0,0,일반형,미운영,0,3,0,1,4,4,8,1,1,2,1,0,1,2,0,2,0,0,0,0,0,0,0,0,0,2,0,2,2,3,5,2,3,5,2021-11-30
유16-1,영통구,남부,유치원,영통제일유치원,경기도 수원시 영통구 청명로84,경기도 수원시 영통구 영통동 1046-5번지,영통동,영통1동,1구간,128,30km,2013-01-17,제2013-20호,37.254195,127.078309,4~5차로,양방,양측,128,128,98,0,0,일반형,미운영,0,0,0,2,1,0,1,0,0,0,0,0,0,1,1,2,0,0,0,0,0,0,1,1,2,1,1,2,0,0,0,0,1,1,2021-11-30
유17-1,영통구,남부,유치원,이오에스유치원,경기도 수원시 영통구 청명북로 6,경기도 수원시 영통구 영통동 1030-1번지,영통동,영통3동,1구간,75,30km,2013-01-17,제2013-20호,37.252069,127.078977,4차로,양방,양측,75,75,0,0,0,일반형,미운영,0,0,0,0,1,0,1,1,1,2,0,0,0,1,1,2,0,0,0,0,0,0,0,0,0,2,2,4,1,1,2,1,1,2,2021-11-30
유18-1,영통구,남부,유치원,빛누리유치원,경기도 수원시 영통구 대학1로8번길 52,경기도 수원시 영통구 이의동 1273번지,이의동,광교1동,1구간,155,30km,2016-12-05,제2016-356호,37.298317,127.044116,1차로,양방,양측,133,127,75,0,0,없음,미운영,0,0,0,1,1,0,1,2,0,2,0,0,0,2,0,2,0,0,0,0,0,0,0,0,0,2,2,4,2,2,4,2,2,4,2021-11-30
유19-1,영통구,남부,유치원,꿈누리유치원,경기도 수원시 영통구 법조로129,경기도 수원시 영통구 하동 981번지,하동,광교2동,1구간,140,30km,2015-12-31,제2015-368호,37.290097,127.070739,6~7차로,양방,양측,125,140,0,72,78,일반형,운영,1,0,1,0,1,1,2,0,2,2,0,0,0,0,1,1,0,0,0,0,0,0,1,2,3,1,1,2,1,2,3,2,2,4,2021-11-30
유19-2,영통구,남부,유치원,꿈누리유치원,경기도 수원시 영통구 법조로129,경기도 수원시 영통구 하동 981번지,하동,광교2동,2구간,84,30km,2015-12-31,제2015-368호,37.290332,127.070448,2차로,양방,양측,60,84,47,0,0,일반형,운영,0,0,0,0,3,2,5,0,1,1,2,0,2,0,1,1,0,0,0,0,0,0,1,1,2,1,1,2,5,5,10,5,5,10,2021-11-30
유20-1,영통구,남부,유치원,큰나래유치원,경기도 수원시 영통구 광교로42번길 22,경기도 수원시 영통구 이의동 1362번지,이의동,광교1동,1구간,172,30km,2015-12-31,제2015-368호,37.286081,127.041053,3~6차로,양방,양측,172,172,0,54,0,일반형,운영,0,0,0,2,1,1,2,1,1,2,0,0,0,1,1,2,0,0,0,0,0,0,1,1,2,2,1,3,2,2,4,2,2,4,2021-11-30
유21-1,영통구,남부,유치원,해들유치원,경기도 수원시 영통구 월드컵로 82번길 24,경기도 수원시 영통구 원천동 587번지,원천동,원천동,1구간,133,30km,2015-12-31,제2015-368호,37.274871,127.055548,2차로,양방,양측,133,133,87,0,0,일반형,미운영,0,0,0,0,0,0,0,0,1,1,1,1,2,0,1,1,0,1,1,0,0,0,0,0,0,0,1,1,2,2,4,0,0,0,2021-11-30
유22-1,영통구,남부,유치원,라온유치원,경기도 수원시 영통구 태장로 54번길 98,경기도 수원시 영통구 망포동 649-78번지,망포동,망포2동,1구간,105,30km,2015-12-31,제2015-368호,37.234411,127.051798,4차로,양방,양측,82,65,57,0,0,일반형+고원형,운영,0,0,0,0,2,2,4,1,1,2,0,0,0,0,0,0,0,0,0,0,0,0,0,0,0,1,1,2,1,1,2,1,1,2,2021-11-30
유22-2,영통구,남부,유치원,라온유치원,경기도 수원시 영통구 태장로 54번길 98,경기도 수원시 영통구 망포동 649-78번지,망포동,망포2동,2구간,21,30km,2015-12-31,제2015-368호,37.234794,127.051932,3차로,양방,양측,21,21,0,0,0,일반형,운영,0,0,0,1,1,1,2,0,0,0,0,0,0,0,0,0,0,0,0,0,0,0,1,0,1,1,0,1,1,0,1,1,0,1,2021-11-30
유23-1,영통구,남부,유치원,뽀뽀뽀유치원,경기도 수원시 영통구 동수원로 514번길 33,경기도 수원시 영통구 매탄동 130-5번지,매탄동,매탄2동,1구간,101,30km,16-12-05-,제2016-356호,37.271834,127.047815,1차로,양방,없음,0,0,0,0,0,없음,미운영,0,22,0,2,1,0,1,0,0,0,1,2,3,1,1,2,0,0,0,0,0,0,0,0,0,1,0,1,1,1,2,1,0,1,2021-11-30
유24-1,영통구,남부,유치원,한누리유치원,경기도 수원시 영통구 이의동 창룡대로256번길 14,경기도 수원시 영통구 이의동 1284-1번지,이의동,광교1동,1구간,126,30km,2016-12-05,제2016-356호,37.295086,127.037439,2차로,양방,양측,114,126,0,0,0,일반형+고원형,미운영,0,0,0,2,2,1,3,0,0,0,1,1,2,0,2,2,0,0,0,0,0,0,0,1,1,1,2,3,1,1,2,0,1,1,2021-11-30
유25-1,영통구,남부,유치원,지성유치원,경기도 수원시 영통구 망포동 669-1,경기도 수원시 영통구 망포동 669-1,망포동,망포2동,1구간,139,50km,2016-12-05,제2016-356호,37.233418,127.045897,6차로,양방,양측,139,139,0,0,0,없음,미운영,0,0,0,0,0,0,0,0,0,0,1,0,1,1,0,1,0,0,0,0,0,0,1,0,1,1,2,3,2,0,2,0,0,0,2021-11-30
유26-1,장안구,중부,유치원,가온유치원,경기도 수원시 장안구 정자천로13번길 30,경기도 수원시 장안구 천천동 334-3번지,천천동,율천동,1구간,65,30km,2014-02-14,제2014-37호,37.289856,126.978451,2차로,양방,양측,60,46,60,0,0,일반형,미운영,0,0,0,1,1,1,2,2,0,2,0,0,0,2,0,2,0,0,0,1,0,1,1,2,3,0,1,1,2,0,2,2,0,2,2021-11-30
유27-1,장안구,중부,유치원,꾸러기유치원,경기도 수원시 장안구 파장천로59번길12,경기도 수원시 장안구 파장동 291번지,파장동,파장동,1구간,220,30km,2015-12-31,제2015-368호,37.310444,126.997084,2차로,양방,양측,97,95,10,0,0,일반형,미운영,0,0,0,4,2,2,4,3,1,4,0,0,0,3,0,3,0,0,0,0,0,0,1,2,3,1,2,3,5,4,9,5,4,9,2021-11-30
유28-1,장안구,중부,유치원,리라유치원,경기도 수원시 장안구 천천동 509-5,경기도 수원시 장안구 천천동 509-5,천천동,정자3동,1구간,240,30km,2011-11-15,제2011-206호,37.298642,126.979313,2차로,양방,양측,160,186,86,0,0,고원형,미운영,0,0,0,3,1,1,2,1,1,2,0,0,0,0,1,1,0,0,0,0,0,0,0,1,1,2,2,4,0,3,3,1,3,4,2021-11-30
유28-2,장안구,중부,유치원,리라유치원,경기도 수원시 장안구 천천동 509-5,경기도 수원시 장안구 천천동 509-5,천천동,정자3동,2구간,28,30km,2011-11-15,제2011-206호,37.299004,126.979715,2차로,양방,양측,28,28,0,0,0,고원형,미운영,0,0,0,1,1,1,2,1,0,1,0,0,0,1,0,1,0,0,0,0,0,0,0,1,1,0,0,0,1,0,1,1,0,1,2021-11-30
유29-1,장안구,중부,유치원,새알곡유치원,경기도 수원시 장안구 율전로107번길 61,경기도 수원시 장안구 율전동 357-3번지,율전동,율천동,1구간,83,30km,2013-01-17,제2013-20호,37.299293,126.965804,2차로,양방,없음,0,0,0,0,0,없음,미운영,0,0,0,1,1,1,2,0,2,2,0,0,0,0,2,2,0,0,0,0,0,0,0,0,0,0,0,0,1,1,2,1,0,1,2021-11-30
유30-1,장안구,중부,유치원,성민유치원,경기도 수원시 장안구 하률로23,경기도 수원시 장안구 천천동 550-9번지,천천동,정자3동,1구간,100,30km,2013-01-17,제2013-20호,37.302852,126.975733,4~5차로,양방,양측,86,100,0,0,126,없음,미운영,0,0,0,0,1,0,1,1,1,2,0,0,0,1,1,2,0,0,0,0,0,0,0,0,0,0,0,0,1,1,2,1,1,2,2021-11-30
유30-2,장안구,중부,유치원,성민유치원,경기도 수원시 장안구 하률로23,경기도 수원시 장안구 천천동 550-9번지,천천동,정자3동,2구간,63,30km,2013-01-17,제2013-20호,37.303182,126.975933,1차로,양방,없음,0,0,0,0,0,없음,미운영,0,0,0,0,1,0,1,1,1,2,0,0,0,1,1,2,0,0,0,0,0,0,0,2,2,0,0,0,1,1,2,1,1,2,2021-11-30
유30-3,장안구,중부,유치원,성민유치원,경기도 수원시 장안구 하률로23,경기도 수원시 장안구 천천동 550-9번지,천천동,정자3동,3구간,21,30km,2013-01-17,제2013-20호,37.303172,126.976127,2차로,양방,없음,0,0,0,0,0,일반형,미운영,0,0,0,0,1,1,2,0,0,0,0,0,0,0,0,0,0,0,0,0,0,0,0,0,0,0,0,0,1,1,2,0,1,1,2021-11-30
유31-1,장안구,중부,유치원,세정유치원,경기도 수원시 장안구 팔달로199번길 50,경기도 수원시 장안구 영화동 426-9번지,영화동,영화동,1구간,83,30km,2014-02-14,제2014-37호,37.287921,127.006403,2차로,양방,양측,74,70,0,0,0,고원형,미운영,0,4,0,3,1,1,2,2,0,2,1,0,1,2,0,2,0,0,0,0,0,0,0,0,0,2,1,3,2,1,3,1,1,2,2021-11-30
유32-1,장안구,중부,유치원,아이림유치원,경기도 수원시 장안구 수일로 279,경기도 수원시 장안구 조원동 351-10번지,조원동,조원1동,1구간,180,30km,2013-01-17,제2013-20호,37.303971,127.019723,4차로,양방,양측,165,164,63,0,0,일반형,운영,0,0,0,1,1,1,2,1,1,2,1,1,2,1,1,2,0,0,0,0,0,0,0,0,0,2,2,4,2,2,4,2,2,4,2021-11-30
유33-1,장안구,중부,유치원,큰별유치원,경기도 수원시 장안구 금당로38번길 52,경기도 수원시 장안구 조원동 733-2번지,조원동,조원1동,1구간,91,30km,2013-01-17,제2013-20호,37.301851,127.016149,1차로,양방,없음,0,0,0,0,0,일반형,미운영,0,0,0,0,1,0,1,1,1,2,0,0,0,0,1,1,0,0,0,0,0,0,0,0,0,0,0,0,1,2,3,0,2,2,2021-11-30
유34-1,장안구,중부,유치원,우주유치원,경기도 수원시 장안구 정자동 887-1,경기도 수원시 장안구 정자동 887-1,정자동,정자2동,1구간,122,30km,2015-12-31,제2015-368호,37.291507,126.996691,2차로,양방,양측,113,122,0,0,0,없음,미운영,0,0,0,1,2,2,4,1,1,2,0,0,0,1,1,2,0,0,0,0,0,0,0,0,0,0,0,0,3,3,6,3,3,6,2021-11-30
유35-1,장안구,중부,유치원,연화유치원,경기도 수원시 장안구 조원동 수일로 335,경기도 수원시 장안구 조원동 474-1번지,조원동,조원1동,1구간,220,30km,2015-12-31,제2015-368호,37.299896,127.022861,2차로,양방,양측,185,87,0,0,0,일반형,미운영,0,14,0,2,3,2,5,2,0,2,0,0,0,2,0,2,0,0,0,0,0,0,0,0,0,4,1,5,4,4,8,4,4,8,2021-11-30
유36-1,장안구,중부,유치원,세화유치원,경기도 수원시 장안구 장안로 398번길 1-1,경기도 수원시 장안구 이목동 731-1번지,이목동,파장동,1구간,165,30km,2015-12-31,제2015-368호,37.315611,126.983759,6~7차로,양방,양측,128,131,18,91,42,일반형,운영,0,0,0,0,0,1,1,1,1,2,0,0,0,1,1,2,0,0,0,0,0,0,1,1,2,0,0,0,1,1,2,1,1,2,2021-11-30
유37-1,장안구,중부,유치원,행함유치원,경기도 수원시 장안구 금당로 99번길 7,경기도 수원시 장안구 조원동 467-34번지,조원동,조원1동,1구간,82,30km,2015-12-31,제2015-368호,37.300681,127.020803,1차로,양방,없음,0,0,0,0,0,없음,미운영,0,0,0,1,1,0,1,0,0,0,1,1,2,1,1,2,0,0,0,0,0,0,0,0,0,0,0,0,3,0,3,3,0,3,2021-11-30
유37-2,장안구,중부,유치원,행함유치원,경기도 수원시 장안구 금당로 99번길 7,경기도 수원시 장안구 조원동 467-34번지,조원동,조원1동,2구간,49,30km,2015-12-31,제2015-368호,37.300899,127.020996,1차로,양방,없음,0,0,0,0,0,없음,미운영,0,0,0,1,1,0,1,0,0,0,1,0,1,1,0,1,0,0,0,0,0,0,0,0,0,0,0,0,2,0,2,2,0,2,2021-11-30
유38-1,장안구,중부,유치원,수도유치원,경기도 수원시 장안구 장안로 278,경기도 수원시 장안구 정자동 533-101번지,정자동,정자1동,1구간,132,30km,2015-12-31,제2015-368호,37.306729,126.990696,4차로,양방,양측,132,123,0,0,130,일반형,운영,0,0,0,0,1,1,2,0,1,1,1,0,1,1,0,1,0,0,0,1,0,1,0,0,0,2,1,3,2,2,4,2,2,4,2021-11-30
유39-1,장안구,중부,유치원,대연유치원,경기도 수원시 장안구 덕영대로 439번길 1,경기도 수원시 장안구 율전동 204-1번지,율전동,율천동,1구간,70,30km,2016-12-05,제2016-356호,37.301352,126.971229,1차로,양방,편측,70,0,0,0,0,없음,미운영,0,0,0,2,0,0,0,0,0,0,1,1,2,1,1,2,0,0,0,0,0,0,0,0,0,0,0,0,1,1,2,1,1,2,2021-11-30
유40-1,장안구,중부,유치원,다현유치원,경기도 수원시 장안구 영화로 34,경기도 수원시 장안구 영화동 415-3번지,영화동,영화동,1구간,196,30km,2016-12-05,제2016-356호,37.290264,127.008677,1차로,양방,양측,181,183,0,0,0,없음,미운영,0,0,2,4,0,0,0,0,0,0,1,3,4,0,2,2,0,0,0,0,0,0,1,1,2,1,3,4,1,2,3,1,2,3,2021-11-30
유41-1,팔달구,중부,유치원,데레사유치원,경기도 수원시 팔달구 팔달문로163번길 88,경기도 수원시 팔달구 우만동 502-10번지,우만동,우만1동,1구간,129,30km,2011-11-15,제2011-206호,37.286614,127.031033,1차로,양방,양측,124,123,0,0,0,없음,미운영,0,0,0,2,4,0,4,0,1,1,0,0,0,0,1,1,0,0,0,1,0,1,0,0,0,0,2,2,1,1,2,2,2,4,2021-11-30
유41-2,팔달구,중부,유치원,데레사유치원,경기도 수원시 팔달구 팔달문로163번길 88,경기도 수원시 팔달구 우만동 502-10번지,우만동,우만1동,2구간,65,30km,2011-11-15,제2011-206호,37.286456,127.030931,1차로,양방,편측,12,0,0,0,0,일반형,미운영,0,0,0,2,2,0,2,1,1,2,0,0,0,1,1,2,0,0,0,0,0,0,1,0,1,0,0,0,1,2,3,2,3,5,2021-11-30
유42-1,팔달구,남부,유치원,선경유치원,경기도 수원시 팔달구 권광로317번길 15,경기도 수원시 팔달구 인계동 159번지 선경3차아파트,인계동,인계동,1구간,100,30km,2014-02-14,제2014-37호,37.275535,127.034777,1~2차로,양방,양측,7,94,7,94,0,일반형,미운영,0,0,0,3,1,2,3,0,2,2,0,1,1,0,2,2,0,0,0,0,0,0,0,1,1,1,2,3,2,2,4,1,2,3,2021-11-30
유43-1,팔달구,중부,유치원,예림유치원,경기도 수원시 팔달구 팔달문로 134,경기도 수원시 팔달구 우만동 550-8번지,우만동,우만1동,1구간,100,30km,2013-01-17,제2013-20호,37.282263,127.030376,2~3차로,양방,양측,95,97,0,0,0,일반형,미운영,0,0,0,2,1,1,2,0,0,0,0,0,0,0,0,0,0,0,0,0,0,0,0,0,0,2,1,3,0,0,0,0,0,0,2021-11-30
유44-1,팔달구,서부,유치원,경동유치원,경기도 수원시 팔달구 고등동 69-12,경기도 수원시 팔달구 고등동 69-12,고등동,고등동,1구간,145,30km,2015-12-31,제2015-368호,37.272102,127.006083,1차로,양방,없음,0,0,0,0,0,없음,미운영,0,0,0,0,1,0,1,1,1,2,0,0,0,1,1,2,0,0,0,0,0,0,0,0,0,1,0,1,2,2,4,1,2,3,2021-11-30
유45-1,팔달구,중부,유치원,녹산유치원,경기도 수원시 팔달구 세지로 399번길 85,경기도 수원시 팔달구 우만동 472-15번지,우만동,우만1동,1구간,103,30km,2015-12-31,제2015-368호,37.288813,127.026675,1차로,양방,없음,0,0,0,0,0,없음,미운영,0,0,0,0,1,0,1,1,1,2,0,0,0,1,1,2,0,0,0,0,0,0,0,1,1,0,1,1,1,1,2,0,0,0,2021-11-30
유46-1,팔달구,서부,유치원,소화유치원,경기도 수원시 팔달구 고등동 78-1,경기도 수원시 팔달구 고등동 78-1,고등동,고등동,1구간,146,30km,2016-12-05,제2016-356호,37.271331,127.007397,2차로,양방,양측,146,146,0,0,0,일반형,미운영,0,3,0,2,0,0,0,0,0,0,2,0,2,1,0,1,0,0,0,0,0,0,0,0,0,2,1,3,2,1,3,2,1,3,2021-11-30
유47-1,권선구,남부,유치원,학촌유치원,경기도 수원시 권선구 권중로11번길 11,경기도 수원시 권선구 권선동 1163-6번지,권선동,권선1동,1구간,90,30km,2017-12-07,제2017-356호,37.256334,127.033637,1차로,일방,없음,0,0,0,0,0,없음,미운영,0,0,0,2,1,0,1,1,0,1,0,1,1,1,1,2,0,0,0,0,0,0,0,0,0,0,0,0,3,0,3,3,0,3,2021-11-30
유48-1,권선구,서부,유치원,드림유치원,경기도 수원시 권선구 당진로31번길 51-37,경기도 수원시 권선구 당수동 288-5번지,당수동,입북동,1구간,158,30km,2017-12-07,제2017-356호,37.292082,126.937487,2차로,양방,편측,0,47,0,0,0,없음,미운영,0,0,0,2,0,2,2,1,1,2,0,0,0,1,1,2,0,0,0,0,0,0,0,0,0,0,0,0,3,3,6,3,3,6,2021-11-30
유49-1,권선구,남부,유치원,다정유치원,경기도 수원시 권선구 경수대로168번길 102,경기도 수원시 권선구 권선동 1346-1번지,권선동,권선2동,1구간,115,30km,2017-12-07,제2017-356호,37.240714,127.020922,5차로,양방,양측,105,110,69,68,40,일반형,운영,0,0,0,1,2,1,3,1,1,2,0,0,0,1,1,2,0,0,0,0,0,0,1,1,2,1,1,2,2,1,3,2,1,3,2021-11-30
유49-2,권선구,남부,유치원,다정유치원,경기도 수원시 권선구 경수대로168번길 102,경기도 수원시 권선구 권선동 1346-1번지,권선동,권선2동,2구간,30,30km,2017-12-07,제2017-356호,37.240645,127.021201,2차로,양방,양측,26,26,20,26,0,없음,미운영,0,0,0,1,1,1,2,0,0,0,2,2,4,0,0,0,0,0,0,0,0,0,0,0,0,1,1,2,1,1,2,1,1,2,2021-11-30
유50-1,영통구,남부,유치원,우리유치원,경기도 수원시 영통구 권선로803번길 32-7,경기도 수원시 영통구 매탄동 1166-1번지,매탄동,매탄3동,1구간,93,30km,2017-12-07,제2017-356호,37.257131,127.040367,1차로,일방,없음,0,0,0,0,0,없음,미운영,0,5,0,2,1,0,1,0,2,2,1,0,1,0,2,2,0,0,0,0,0,0,1,0,1,0,0,0,3,0,3,3,0,3,2021-11-30
유50-2,영통구,남부,유치원,우리유치원,경기도 수원시 영통구 권선로803번길 32-7,경기도 수원시 영통구 매탄동 1166-1번지,매탄동,매탄3동,2구간,96,30km,2017-12-07,제2017-356호,37.256752,127.040258,1차로,일방,없음,0,0,0,0,0,없음,미운영,0,3,0,1,1,0,1,2,0,2,0,0,0,2,0,2,0,0,0,0,0,0,0,0,0,1,0,1,3,0,3,3,0,3,2021-11-30
유51-1,영통구,남부,유치원,예은숲유치원,경기도 수원시 영통구 동탄원천로 1035,경기도 수원시 영통구 매탄동 1217-7번지 매탄3차삼성아파트,매탄동,매탄4동,1구간,70,30km,2017-12-07,제2017-356호,37.264887,127.049354,1차로,일방,없음,0,0,0,0,0,없음,미운영,0,3,0,1,1,0,1,2,0,2,0,0,0,2,0,2,0,0,0,0,0,0,1,0,1,1,0,1,2,0,2,1,0,1,2021-11-30
유52-1,장안구,중부,유치원,알곡유치원(폐업),경기도 수원시 장안구 정자천로13번길 130-13,경기도 수원시 장안구 천천동 339-30번지,천천동,율천동,1구간,136,30km,2018-12-20,제2017-356호,37.294167,126.979789,4차로,양방,양측,110,117,0,117,0,없음,미운영,0,0,0,2,2,1,3,0,0,0,0,0,0,0,0,0,0,0,0,0,0,0,0,0,0,1,2,3,0,0,0,1,1,2,2021-11-30
유53-1,장안구,중부,유치원,삼성유치원,경기도 수원시 장안구 서부로 2095-1,경기도 수원시 장안구 율전동 419번지,율전동,율천동,1구간,150,30km,2018-12-20,제2017-356호,37.296255,126.969176,1차로,양방,없음,0,0,0,0,0,없음,미운영,0,0,0,2,2,0,2,0,0,0,1,2,3,1,1,2,0,0,0,0,0,0,0,0,0,1,0,1,2,2,4,2,2,4,2021-11-30
유54-1,영통구,남부,유치원,소망유치원,경기도 수원시 영통구 매영로199번길 29,경기도 수원시 영통구 원천동 333-6번지,원천동,원천동,1구간,285,30km,2018-12-20,제2017-356호,37.264111,127.064471,1차로,양방,편측,73,0,73,0,0,없음,미운영,0,2,0,2,4,0,4,2,0,2,1,0,1,2,0,2,0,0,0,0,0,0,0,0,0,4,0,4,4,0,4,4,0,4,2021-11-30
유55-1,영통구,남부,유치원,한얼유치원,경기도 수원시 영통구 동탄원천로1109번길 42,경기도 수원시 영통구 매탄동 1199번지 원천성일아파트,매탄동,매탄2동,1구간,230,30km,2018-12-20,제2018-371호,37.270346,127.055475,4~5차로,양방,양측,182,187,54,55,0,일반형+고원형,운영+미운영,0,0,1,1,1,1,2,1,1,2,1,0,1,1,1,2,0,0,0,0,0,0,0,0,0,1,1,2,4,3,7,4,3,7,2021-11-30
유56-1,팔달구,중부,유치원,행복나무유치원,경기도 수원시 팔달구 화양로24번길 3,경기도 수원시 팔달구 화서동 125-6번지,화서동,화서1동,1구간,45,30km,2019-12-20,제2019-423호,37.280515,126.997882,1차로,양방,없음,0,0,0,0,0,일반형,미운영,0,0,0,0,1,0,1,0,0,0,0,2,2,0,2,2,0,0,0,0,0,0,0,0,0,0,0,0,1,1,2,1,1,2,2021-11-30
유57-1,장안구,중부,유치원,파란꿈아트팜숲유치원,경기도 수원시 장안구 수일로233번길 72,경기도 수원시 장안구 조원동 40-11번지,조원동,조원1동,1구간,130,30km,2019-12-20,제2019-423호,37.306906,127.018683,2차로,양방,편측,130,0,36,0,0,없음,미운영,0,0,0,1,1,1,2,2,0,2,1,0,1,2,0,2,0,0,0,0,0,0,1,0,1,0,0,0,1,1,2,1,1,2,2021-11-30
유57-2,장안구,중부,유치원,파란꿈아트팜숲유치원,경기도 수원시 장안구 수일로233번길 72,경기도 수원시 장안구 조원동 40-11번지,조원동,조원1동,2구간,85,30km,2019-12-20,제2019-423호,37.307441,127.018733,1차로,양방,없음,0,0,0,0,0,일반형,미운영,0,0,0,1,1,0,1,1,0,1,0,0,0,1,0,1,0,0,0,0,0,0,0,0,0,0,0,0,1,2,3,1,2,3,2021-11-30
유58-1,권선구,남부,유치원,새롬유치원,경기도 수원시 권선구 덕영대로1217번길 24,경기도 수원시 권선구 권선동 1199-1번지 두산동아아파트,권선동,권선2동,1구간,140,30km,2019-12-20,제2019-423호,37.249427,127.026855,4차로,양방,양측,138,138,0,0,0,일반형,운영,0,0,0,0,0,0,0,1,0,1,1,1,2,0,1,1,0,0,0,0,0,0,1,1,2,1,1,2,1,1,2,1,1,2,2021-11-30
유59-1,장안구,중부,유치원,남정유치원,경기도 수원시 장안구 영화로37번길 30,경기도 수원시 장안구 영화동 407-11번지,영화동,영화동,1구간,25,30km,2020-12-31,제2020-492호,37.289632,127.007204,1차로,일방,없음,0,0,0,0,0,없음,미운영,0,0,0,0,1,0,1,1,0,1,0,0,0,1,0,1,0,0,0,0,0,0,0,0,0,1,0,1,1,0,1,1,0,1,2021-11-30
어1-1,권선구,서부,어린이집,꼬망새어린이집,경기도 수원시 권선구 당진로32번길 28-17(당수동),경기도 수원시 권선구 당수동 169-2번지,당수동,입북동,1구간,115,30km,2013-01-17,제2013-20호,37.291573,126.942061,2차로,양방,양측,29,0,0,0,0,없음,미운영,0,0,0,1,1,0,1,0,1,1,0,0,0,0,1,1,0,0,0,0,0,0,0,1,1,0,0,0,2,0,2,1,0,1,2021-11-30
어2-1,권선구,남부,어린이집,수원어린이집,경기도 수원시 권선구 곡반정로 82(곡반정동),경기도 수원시 권선구 곡반정동 307-2번지,곡반정동,곡선동,1구간,265,30km,2014-12-31,제2014-342호,37.236065,127.029771,2차로,양방,편측,0,198,0,0,0,일반형,미운영,0,0,0,4,2,2,4,1,0,1,1,0,1,1,0,1,0,0,0,0,0,0,0,0,0,0,3,3,2,2,4,2,2,4,2021-11-30
어3-1,권선구,서부,어린이집,시립세곡어린이집,경기도 수원시 권선구 세류로 16 (세류동),경기도 수원시 권선구 세류동 1274번지,세류동,세류1동,1구간,528,30km,2015-12-31,제2015-368호,37.262056,127.006713,2~3차로,양방,양측,433,418,333,84,0,일반형,운영+미운영,0,0,0,3,5,3,8,2,1,3,3,3,6,1,1,2,0,0,0,2,3,5,3,3,6,7,6,13,4,5,9,0,1,1,2021-11-30
어3-2,권선구,서부,어린이집,시립세곡어린이집,경기도 수원시 권선구 세류로 16 (세류동),경기도 수원시 권선구 세류동 1274번지,세류동,세류1동,2구간,160,30km,2015-12-31,제2015-368호,37.262793,127.007658,2차로,양방,양측,140,140,15,43,0,일반형,운영,0,0,0,0,3,2,5,0,1,1,0,1,1,1,0,1,0,0,0,1,2,3,0,1,1,2,2,4,0,1,1,0,1,1,2021-11-30
어4-1,권선구,서부,어린이집,시립호매실어린이집,경기도 수원시 권선구 서수원로 431번길(호매실동),경기도 수원시 권선구 호매실동 1378번지,호매실동,호매실동,1구간,100,30km,2015-12-31,제2015-368호,37.265288,126.961264,2~4차로,양방,양측,86,90,74,50,0,일반형,운영,0,0,0,3,2,1,3,1,1,2,0,0,0,1,1,2,0,0,0,0,0,0,1,1,2,1,2,3,2,2,4,2,2,4,2021-11-30
어4-2,권선구,서부,어린이집,시립호매실어린이집,경기도 수원시 권선구 서수원로 431번길(호매실동),경기도 수원시 권선구 호매실동 1378번지,호매실동,호매실동,2구간,85,30km,2015-12-31,제2015-368호,37.265254,126.961944,2차로,양방,양측,70,72,52,56,0,일반형,운영+미운영,0,0,0,0,2,2,4,0,1,1,0,0,0,0,1,1,0,0,0,0,0,0,1,0,1,1,1,2,1,1,2,1,1,2,2021-11-30
어5-1,권선구,서부,어린이집,시립수원지방산업단지어린이집,경기도 수원시 권선구 산업로 174-21(고색동 산업 3단지),경기도 수원시 권선구 고색동 1095번지 산업3단지,고색동,평동,1구간,240,30km,2015-12-31,제2015-368호,37.241764,126.983937,3차로,양방,양측,166,190,67,55,0,일반형,미운영,0,0,0,0,2,2,4,1,1,2,0,0,0,1,1,2,0,0,0,0,0,0,1,1,2,2,1,3,4,4,8,4,4,8,2021-11-30
어5-2,권선구,서부,어린이집,시립수원지방산업단지어린이집,경기도 수원시 권선구 산업로 174-21(고색동 산업 3단지),경기도 수원시 권선구 고색동 1095번지 산업3단지,고색동,평동,2구간,130,30km,2015-12-31,제2015-368호,37.241732,126.984395,2~3차로,양방,양측,110,110,14,0,0,일반형,미운영,0,0,0,0,1,1,2,1,0,1,0,0,0,1,0,1,0,0,0,0,0,0,1,1,2,1,1,2,2,2,4,2,2,4,2021-11-30
어6-1,권선구,서부,어린이집,시립금호어린이집,경기도 수원시 권선구 서수원로 577번길 202(금곡동),경기도 수원시 권선구 금곡동 1068번지,금곡동,금곡동,1구간,210,30km,2015-12-31,제2015-368호,37.276796,126.946134,4~5차로,양방,양측,206,191,97,0,0,일반형+고원형,운영+미운영,0,0,0,1,2,0,2,1,1,2,1,1,2,1,1,2,0,0,0,0,0,0,1,1,2,2,2,4,3,3,6,3,3,6,2021-11-30
어7-1,권선구,서부,어린이집,바나나어린이집,경기도 수원시 권선구 구운로 47번길 66-19(구운동),경기도 수원시 권선구 구운동 956-5번지,구운동,구운동,1구간,103,30km,2016-12-05,제2016-356호,37.278565,126.969642,1차로,양방,없음,0,0,0,0,0,없음,미운영,0,0,0,2,0,0,0,0,0,0,1,1,2,1,1,2,0,0,0,0,0,0,0,0,0,0,0,0,2,1,3,2,1,3,2021-11-30
어8-1,권선구,서부,어린이집,동산어린이집,경기도 수원시 권선구 구운로 47번길 3(구운동),경기도 수원시 권선구 구운동 963-7번지,구운동,구운동,1구간,80,30km,2016-12-05,제2016-356호,37.277877,126.973342,1~2차로,양방,양측,56,69,0,0,0,일반형,미운영,0,5,0,2,1,1,2,0,0,0,0,2,2,0,2,2,0,0,0,0,0,0,0,0,0,2,1,3,1,0,1,1,0,1,2021-11-30
어8-2,권선구,서부,어린이집,동산어린이집,경기도 수원시 권선구 구운로 47번길 3(구운동),경기도 수원시 권선구 구운동 963-7번지,구운동,구운동,2구간,30,30km,2016-12-05,제2016-356호,37.277631,126.973216,2차로,양방,편측,25,0,0,0,0,없음,미운영,0,0,0,1,0,0,0,0,0,0,1,0,1,1,0,1,0,0,0,0,0,0,0,0,0,1,0,1,0,1,1,0,1,1,2021-11-30
어8-3,권선구,서부,어린이집,동산어린이집,경기도 수원시 권선구 구운로 47번길 3(구운동),경기도 수원시 권선구 구운동 963-7번지,구운동,구운동,3구간,55,30km,2016-12-05,제2016-356호,37.277817,126.972936,1차로,양방,없음,0,0,0,0,0,일반형,미운영,0,0,0,2,0,0,0,0,0,0,0,1,1,0,1,1,0,0,0,0,0,0,0,0,0,0,0,0,2,0,2,1,0,1,2021-11-30
어9-1,권선구,남부,어린이집,햇님어린이집,경기도 수원시 권선구 세지로 27번길 24-18(세류동),경기도 수원시 권선구 세류동 1011-29번지,세류동,세류2동,1구간,72,30km,2016-12-05,제2016-356호,37.256003,127.014829,1차로,양방,없음,0,0,0,0,0,없음,미운영,0,3,0,1,0,0,0,0,0,0,1,1,2,1,1,2,0,0,0,0,0,0,0,0,0,0,0,0,1,1,2,1,1,2,2021-11-30
어10-1,영통구,남부,어린이집,매탄이솝어린이집,경기도 수원시 영통구 권선로803번길 5(매탄동),경기도 수원시 영통구 매탄동 1162번지,매탄동,매탄3동,1구간,50,30km,2014-02-14,제2014-37호,37.255857,127.039243,1차로,양방,없음,0,0,0,0,0,일반형,미운영,0,0,0,1,1,0,1,2,0,2,0,0,0,2,0,2,0,0,0,0,0,0,1,0,1,1,0,1,1,1,2,1,1,2,2021-11-30
어11-1,영통구,남부,어린이집,한별어린이집,경기도 수원시 영통구 영통로153번길 74-16 (망포동),경기도 수원시 영통구 망포동 289-1번지,망포동,망포2동,1구간,117,30km,2014-02-14,제2014-37호,37.241943,127.050722,1차로,일방,없음,0,0,0,0,0,일반형,미운영,0,0,0,3,1,0,1,1,0,1,0,1,1,1,0,1,0,0,0,0,0,0,0,0,0,0,0,0,3,0,3,1,0,1,2021-11-30
어12-1,영통구,남부,어린이집,아이존어린이집,경기도 수원시 영통구 매영로 45번길 15(매탄동),경기도 수원시 영통구 매탄동 199-4번지,매탄동,매탄2동,1구간,59,30km,2015-12-31,제2015-368호,37.269915,127.048069,1차로,일방,없음,59,0,0,0,0,없음,미운영,0,0,0,1,1,0,1,1,0,1,0,0,0,1,0,1,0,0,0,0,0,0,0,0,0,1,0,1,1,0,1,1,0,1,2021-11-30
어13-1,영통구,남부,어린이집,아하키즈어린이집,경기도 수원시 영통구 매여울로 40번길 63(매탄동),경기도 수원시 영통구 매탄동 102-8번지,매탄동,매탄2동,1구간,110,30km,2016-12-05,제2016-356호,37.272786,127.048201,1차로,양방,없음,0,0,0,0,0,없음,미운영,0,0,0,1,0,0,0,0,0,0,0,2,2,0,2,2,0,0,0,0,0,0,1,0,1,0,0,0,1,0,1,1,1,2,2021-11-30
어14-1,장안구,중부,어린이집,다람어린이집,경기도 수원시 장안구 금당로38번길 11(조원동),경기도 수원시 장안구 조원동 731-27번지,조원동,조원1동,1구간,66,30km,2013-01-17,제2013-20호,37.303144,127.015228,1차로,양방,편측,59,0,0,0,0,없음,미운영,0,0,0,0,1,0,1,2,0,2,0,0,0,2,0,2,0,0,0,0,0,0,0,0,0,1,0,1,2,0,2,2,0,2,2021-11-30
어15-1,장안구,중부,어린이집,수원근로복지공단어린이집,경기도 수원시 장안구 정조로1088번길 25(송죽동),경기도 수원시 장안구 송죽동 454-21번지,송죽동,송죽동,1구간,45,30km,2014-02-14,제2014-37호,37.303151,127.003702,1차로,양방,편측,37,0,0,0,0,없음,미운영,0,0,0,2,1,0,1,2,0,2,0,0,0,2,0,2,0,0,0,0,0,0,0,0,0,0,0,0,1,1,2,0,0,0,2021-11-30
어16-1,장안구,중부,어린이집,햇볕은쨍쨍어린이집,경기도 수원시 장안구 정자로 130번길 24-3(정자동),경기도 수원시 장안구 정자동 374-7번지,정자동,정자1동,1구간,102,30km,2016-12-05,제2016-356호,37.301956,126.991792,1차로,양방,없음,0,0,0,0,0,없음,미운영,0,0,0,0,0,0,0,0,0,0,1,1,2,1,1,2,0,0,0,0,0,0,0,0,0,0,0,0,0,0,0,0,0,0,2021-11-30
어17-1,장안구,중부,어린이집,아이린어린이집,경기도 수원시 장안구 영화로50번길 26(영화동),경기도 수원시 장안구 영화동 351-1번지,영화동,영화동,1구간,96,30km,2016-12-05,제2016-356호,37.291714,127.009069,1차로,양방,없음,0,0,0,0,0,없음,미운영,0,0,0,1,0,0,0,0,0,0,1,3,4,0,2,2,0,0,0,0,0,0,0,0,0,0,0,0,1,1,2,0,0,0,2021-11-30
어18-1,장안구,중부,어린이집,시립파장어린이집,경기도 수원시 장안구 파장천로30번길 40,경기도 수원시 장안구 파장동 593-5번지,파장동,파장동,1구간,112,30km,2017-12-07,제2017-356호,37.307447,126.997021,1차로,일방,없음,0,0,0,0,0,없음,미운영,0,0,0,0,1,0,1,2,0,2,1,0,1,2,0,2,0,0,0,0,0,0,0,0,0,1,0,1,4,0,4,0,0,0,2021-11-30
어19-1,장안구,중부,어린이집,시립보훈어린이집,경기도 수원시 장안구 송정로187번길 83,경기도 수원시 장안구 조원동 756번지,조원동,조원1동,1구간,80,30km,2017-12-07,제2017-356호,37.301252,127.012742,1차로,양방,없음,0,0,0,0,0,없음,미운영,0,0,0,0,1,0,1,0,0,0,3,0,3,2,0,2,0,0,0,0,0,0,0,0,0,2,1,3,2,1,3,0,1,1,2021-11-30
어20-1,권선구,서부,어린이집,시립당수동어린이집,경기도 수원시 권선구 당진로22번길 46,경기도 수원시 권선구 당수동 227번지,당수동,입북동,1구간,126,30km,2017-12-07,제2017-356호,37.291015,126.942714,1차로,양방,편측,99,0,0,0,0,없음,미운영,0,0,0,2,1,0,1,1,1,2,1,1,2,1,1,2,0,0,0,0,0,0,0,0,0,0,0,0,2,2,4,2,2,4,2021-11-30
어21-1,팔달구,중부,어린이집,시립꽃뫼보듬이나눔어린이집,경기도 수원시 팔달구 덕영대로697번길 21-4,경기도 수원시 팔달구 화서동 660번지,화서동,화서2동,1구간,38,30km,2017-12-07,제2017-356호,37.285129,126.991187,1차로,일방,편측,38,0,0,0,0,없음,미운영,0,0,0,1,1,0,1,0,0,0,1,0,1,1,0,1,0,0,0,0,0,0,0,0,0,0,0,0,0,0,0,0,1,1,2021-11-30
어22-1,영통구,남부,어린이집,시립광교동어린이집,경기도 수원시 영통구 도청로89번길 20,경기도 수원시 영통구 이의동 1350번지,이의동,광교1동,1구간,185,30km,2017-12-07,제2017-356호,37.289695,127.047518,4~5차로,양방,양측,151,180,21,21,179,일반형,운영,0,0,1,0,2,2,4,1,1,2,0,0,0,1,1,2,0,0,0,0,0,0,0,0,0,4,3,7,2,3,5,2,3,5,2021-11-30
어23-1,영통구,남부,어린이집,아주대학교어린이집,경기도 수원시 영통구 월드컵로193번길 52-3,경기도 수원시 영통구 원천동 29-89번지,원천동,원천동,1구간,85,30km,2017-12-07,제2017-356호,37.276696,127.044752,1차로,양방,없음,0,0,0,0,0,없음,미운영,0,0,0,2,1,0,1,1,1,2,0,0,0,1,1,2,0,0,0,0,0,0,2,0,2,1,0,1,3,0,3,3,0,3,2021-11-30
어24-1,영통구,남부,어린이집,즐거운예원어린이집,경기도 수원시 영통구 매원로12번길 15,경기도 수원시 영통구 매탄동 209-24번지,매탄동,매탄4동,1구간,94,30km,2017-12-07,제2017-356호,37.265795,127.046988,1차로,양방,없음,0,0,0,0,0,없음,미운영,0,0,0,1,1,0,1,1,1,2,1,0,1,1,1,2,0,0,0,0,0,0,0,0,0,1,0,1,3,0,3,3,0,3,2021-11-30
어24-2,영통구,남부,어린이집,즐거운예원어린이집,경기도 수원시 영통구 매원로12번길 15,경기도 수원시 영통구 매탄동 209-24번지,매탄동,매탄4동,2구간,100,30km,2017-12-07,제2017-356호,37.265668,127.047339,1차로,일방,없음,0,0,0,0,0,없음,미운영,0,8,0,2,1,0,1,1,0,1,1,0,1,0,1,1,0,0,0,0,0,0,0,0,0,0,0,0,3,0,3,3,0,3,2021-11-30
어25-1,팔달구,중부,어린이집,시립화서1동어린이집,경기도 수원시 팔달구 동말로4번길 22,경기도 수원시 팔달구 화서동 184-353번지,화서동,화서1동,1구간,125,30km,2018-12-20,제2018-371호,37.276474,126.995179,1차로,양방,편측,125,0,0,0,0,일반형,미운영,0,0,0,3,2,0,2,0,0,0,1,0,1,1,1,2,0,0,0,0,0,0,2,2,4,3,0,3,2,2,4,2,2,4,2021-11-30
어26-1,팔달구,남부,어린이집,하하호호어린이집,경기도 수원시 팔달구 장다리로219번길 13,경기도 수원시 팔달구 인계동 974-1번지,인계동,인계동,1구간,90,30km,2018-12-20,제2018-371호,37.269505,127.025261,1차로,양방,편측,0,65,0,0,0,일반형,미운영,0,6,0,1,1,1,2,0,2,2,0,0,0,0,2,2,0,0,0,0,0,0,0,0,0,0,0,0,1,1,2,1,1,2,2021-11-30
어27-1,장안구,중부,어린이집,새밀알어린이집,경기도 수원시 장안구 덕영대로439번길 88,경기도 수원시 장안구 율전동 112-1번지,율전동,율천동,1구간,85,30km,2018-12-20,제2018-371호,37.305583,126.970672,4차로,양방,양측,56,68,0,0,0,일반형+고원형,운영,0,0,0,1,0,0,0,0,1,1,1,0,1,0,1,1,0,0,0,0,0,0,0,0,0,1,2,3,1,1,2,1,1,2,2021-11-30
어27-2,장안구,중부,어린이집,새밀알어린이집,경기도 수원시 장안구 덕영대로439번길 88,경기도 수원시 장안구 율전동 112-1번지,율전동,율천동,2구간,105,30km,2018-12-20,제2018-371호,37.305301,126.971322,1차로,양방,없음,0,0,0,0,0,없음,미운영,0,0,0,3,2,0,2,0,0,0,1,0,1,1,0,1,0,0,0,0,0,0,0,0,0,1,0,1,1,1,2,1,1,2,2021-11-30
어27-3,장안구,중부,어린이집,새밀알어린이집,경기도 수원시 장안구 덕영대로439번길 88,경기도 수원시 장안구 율전동 112-1번지,율전동,율천동,3구간,107,30km,2018-12-20,제2018-371호,37.305113,126.971168,1차로,양방,없음,0,0,0,0,0,없음,미운영,0,0,0,1,1,0,1,0,0,0,1,0,1,1,0,1,0,0,0,0,0,0,0,0,0,0,1,1,2,0,2,2,0,2,2021-11-30
어28-1,장안구,중부,어린이집,웅지어린이집,경기도 수원시 장안구 일월로90번길 26-1,경기도 수원시 장안구 천천동 325-10번지,천천동,율천동,1구간,210,30km,2018-12-20,제2018-371호,37.291022,126.977157,1차로,양방,없음,0,0,0,0,0,없음,미운영,0,2,0,4,2,0,2,2,0,2,1,0,1,3,0,3,0,0,0,0,0,0,0,0,0,1,0,1,2,2,4,2,1,3,2021-11-30
어29-1,권선구,서부,어린이집,밀알몬테소리어린이집,경기도 수원시 권선구 노림로6번길 28,경기도 수원시 권선구 호매실동 414-6번지,호매실동,호매실동,1구간,162,30km,2018-12-20,제2018-371호,37.266426,126.956028,1~2차로,양방,편측,0,74,0,71,0,일반형,미운영,0,0,0,3,1,0,1,0,1,1,1,0,1,1,0,1,0,0,0,0,0,0,0,1,1,1,0,1,0,2,2,0,1,1,2021-11-30
어30-1,권선구,서부,어린이집,방주어린이집,경기도 수원시 권선구 수인로296번길 56,경기도 수원시 권선구 구운동 897-16번지,구운동,구운동,1구간,103,30km,2019-07-31,제2019-245호,37.285147,126.972756,1차로,양방,편측,83,0,0,0,0,일반형,미운영,0,2,0,1,1,0,1,1,1,2,0,0,0,1,1,2,0,0,0,0,0,0,1,1,2,2,2,4,2,2,4,2,2,4,2021-11-30
어31-1,영통구,남부,어린이집,시립원천동어린이집,경기도 수원시 영통구 중부대로 335,경기도 수원시 영통구 원천동 96-1번지 삼부리치안,원천동,원천동,1구간,130,30km,2018-12-20,제2018-371호,37.273945,127.053118,1~2차로,양방,양측,110,36,26,0,0,일반형,미운영,0,0,0,0,3,3,6,0,0,0,2,2,4,1,1,2,0,0,0,0,0,0,0,0,0,1,0,1,3,3,6,3,3,6,2021-11-30
어32-1,권선구,서부,어린이집,지혜샘어린이집,경기도 수원시 권선구 구운로63번길 29-13,경기도 수원시 권선구 구운동 950-14번지,구운동,구운동,1구간,37,30km,2020-12-31,제2020-492호,37.278566,126.971125,2차로,양방,양측,37,37,0,0,0,일반형,미운영,0,0,0,2,1,0,1,1,1,2,0,0,0,1,1,2,0,0,0,0,0,0,0,0,0,0,0,0,1,1,2,1,1,2,2021-11-30
어33-1,권선구,서부,어린이집,키즈꿈터어린이집,경기도 수원시 권선구 수인로135번길 38,경기도 수원시 권선구 서둔동 192-1번지,서둔동,서둔동,1구간,30,30km,2020-12-31,제2020-492호,37.272303,126.982468,1차로,양방,없음,0,0,0,0,0,없음,미운영,0,0,0,2,1,0,1,1,1,2,0,0,0,1,1,2,0,0,0,0,0,0,0,0,0,0,0,0,1,1,2,1,1,2,2021-11-30
어34-1,영통구,남부,어린이집,이편한뜰어린이집,경기도 수원시 영통구 봉영로 1410-17,경기도 수원시 영통구 망포동 726번지 e편한세상 영통2차 1단지,망포동,망포1동,1구간,95,30km,2020-12-31,제2020-492호,37.240551,127.065128,2차로,양방,양측,86,78,77,57,0,일반형+고원형,미운영,0,0,0,0,3,2,5,0,1,1,3,1,4,0,1,1,0,1,1,0,0,0,1,1,2,2,2,4,3,2,5,3,2,5,2021-11-30
어35-1,팔달구,중부,어린이집,샬롬어린이집,경기도 수원시 팔달구 동말로47번길 40-6,경기도 수원시 팔달구 화서동 118-6번지,화서동,화서1동,1구간,30,30km,2020-12-31,제2020-492호,37.280609,126.998587,1차로,양방,없음,0,0,0,0,0,없음,미운영,0,0,0,2,2,0,2,0,0,0,1,1,2,1,1,2,0,0,0,0,0,0,0,0,0,0,0,0,1,1,2,1,1,2,2021-11-30
어36-1,영통구,남부,어린이집,수원법원어린이집,경기도 수원시 영통구 광교중앙로266번길 53,경기도 수원시 영통구 하동 980번지,하동,광교2동,1구간,105,30km,2020-12-31,제2020-492호,37.291451,127.069743,2차로,양방,양측,85,105,73,0,0,일반형,운영,0,0,0,0,2,1,3,0,1,1,2,0,2,1,1,2,0,0,0,0,0,0,0,0,0,0,0,0,3,3,6,3,3,6,2021-11-30
어37-1,장안구,중부,어린이집,시립영화어린이집,경기도 수원시 장안구 수원천로 441,경기도 수원시 장안구 영화동 380-69번지,영화동,영화동,1구간,40,30km,2020-12-31,제2020-492호,37.291747,127.021542,1차로,양방,없음,0,0,0,0,0,없음,미운영,0,0,0,0,1,0,1,2,0,2,0,0,0,2,0,2,0,0,0,0,0,0,0,0,0,1,0,1,1,0,1,1,0,1,2021-11-30
